n,median,ci_low,ci_high,equivalent,nms_method,label,overlap_pct,label_en,equiv_0.10,equiv_0.15,equiv_0.20
76,-0.3268903073572795,-0.343921950622969,-0.3096473137925856,False,iou_edgecrop_global,Makrophage,0.0,Mac,False,False,False
76,-0.326616132442146,-0.3440246184026552,-0.3095962422771245,False,iou_edgecrop_grid_n1,Makrophage,0.0,Mac,False,False,False
76,-0.3268599492560928,-0.3438423891280004,-0.3096814459069243,False,iou_edgecrop_grid_n2,Makrophage,0.0,Mac,False,False,False
76,-0.326827562690029,-0.3439069641856936,-0.3093682280215409,False,iou_edgecrop_grid_n3,Makrophage,0.0,Mac,False,False,False
76,-0.3268599492560928,-0.3435919764281991,-0.3093764359266884,False,iou_edgecrop_grid_n4,Makrophage,0.0,Mac,False,False,False
76,-0.3266901749179189,-0.343539712706669,-0.3091170997634019,False,iou_edgecrop_grid_n5,Makrophage,0.0,Mac,False,False,False
76,-0.0646785047188364,-0.0967295457373443,-0.0564389227436099,True,iou_global,Makrophage,0.0,Mac,True,True,True
76,-0.0646717556319207,-0.0970579088345574,-0.056436756637848,True,iou_grid_n1,Makrophage,0.0,Mac,True,True,True
76,-0.0646134226148051,-0.0969769618964584,-0.0564267806325092,True,iou_grid_n2,Makrophage,0.0,Mac,True,True,True
76,-0.0647252643728468,-0.0969332539410485,-0.0564269580156275,True,iou_grid_n3,Makrophage,0.0,Mac,True,True,True
76,-0.0647678233802756,-0.0970140442710866,-0.0563151984257306,True,iou_grid_n4,Makrophage,0.0,Mac,True,True,True
76,-0.0645865250140975,-0.0968046208125604,-0.0564695945570321,True,iou_grid_n5,Makrophage,0.0,Mac,True,True,True
76,-0.1050185028753774,-0.1313141310138253,-0.0841237328325425,True,nn_center_global,Makrophage,0.0,Mac,False,True,True
76,-0.0981438667250808,-0.1244688101782743,-0.0764790128692671,True,nn_center_grid_n1,Makrophage,0.0,Mac,False,True,True
76,-0.1054155645083695,-0.1317380674769117,-0.0844186892952807,True,nn_center_grid_n2,Makrophage,0.0,Mac,False,True,True
76,-0.1053595695767151,-0.1313843555113517,-0.0840698287311024,True,nn_center_grid_n3,Makrophage,0.0,Mac,False,True,True
76,-0.1048938156633112,-0.1316546310969149,-0.0840419746512987,True,nn_center_grid_n4,Makrophage,0.0,Mac,False,True,True
76,-0.1052023190779412,-0.1315382183457557,-0.0842976258369091,True,nn_center_grid_n5,Makrophage,0.0,Mac,False,True,True
76,-0.0352984842270019,-0.0788350733641172,-0.0108463385387416,True,nn_cluster_global,Makrophage,0.0,Mac,True,True,True
76,-0.0584280376529064,-0.0997116789830243,-0.0335032424825907,True,nn_cluster_grid_n1,Makrophage,0.0,Mac,True,True,True
76,-0.0368922452359448,-0.0804554600640296,-0.0128435045690643,True,nn_cluster_grid_n2,Makrophage,0.0,Mac,True,True,True
76,-0.0359740940456573,-0.0793865530519832,-0.0119958648429648,True,nn_cluster_grid_n3,Makrophage,0.0,Mac,True,True,True
76,-0.0359391339916665,-0.0796456204152921,-0.01152839072482,True,nn_cluster_grid_n4,Makrophage,0.0,Mac,True,True,True
76,-0.0354262509940843,-0.0790231602673035,-0.0112767203834288,True,nn_cluster_grid_n5,Makrophage,0.0,Mac,True,True,True
76,-0.0452218593981998,-0.0878788274384936,-0.024673285721842,True,nn_dist_global,Makrophage,0.0,Mac,True,True,True
76,-0.0621641402278071,-0.1023034235799478,-0.0422934232282362,True,nn_dist_grid_n1,Makrophage,0.0,Mac,False,True,True
76,-0.0442800892557831,-0.0872165522281472,-0.0241271842578245,True,nn_dist_grid_n2,Makrophage,0.0,Mac,True,True,True
76,-0.0446329378925789,-0.0876121717472108,-0.0244325975071363,True,nn_dist_grid_n3,Makrophage,0.0,Mac,True,True,True
76,-0.0447294429723014,-0.0875290608528347,-0.0243580851260802,True,nn_dist_grid_n4,Makrophage,0.0,Mac,True,True,True
76,-0.0448989395021556,-0.0877756119424555,-0.0243466143751618,True,nn_dist_grid_n5,Makrophage,0.0,Mac,True,True,True
76,0.0233842736392396,0.0100830308244488,0.0445800464472803,True,iou_edgecrop_global,NeutrophilerGranulozyt,0.0,Neu,True,True,True
76,0.0234192582212761,0.0104062892723906,0.0444989815872988,True,iou_edgecrop_grid_n1,NeutrophilerGranulozyt,0.0,Neu,True,True,True
76,0.0232318878602895,0.0097598768387638,0.0447451563917375,True,iou_edgecrop_grid_n2,NeutrophilerGranulozyt,0.0,Neu,True,True,True
76,0.0233398063921111,0.0108696271840558,0.0450108589379498,True,iou_edgecrop_grid_n3,NeutrophilerGranulozyt,0.0,Neu,True,True,True
76,0.0232033970200868,0.0107907535002196,0.0451784000069288,True,iou_edgecrop_grid_n4,NeutrophilerGranulozyt,0.0,Neu,True,True,True
76,0.0234460134676813,0.0107192220292487,0.0453851241516862,True,iou_edgecrop_grid_n5,NeutrophilerGranulozyt,0.0,Neu,True,True,True
76,0.0615617832413222,0.0426920505793491,0.0831385793898475,True,iou_global,NeutrophilerGranulozyt,0.0,Neu,True,True,True
76,0.0625512469910379,0.0424675201473436,0.0830799318031285,True,iou_grid_n1,NeutrophilerGranulozyt,0.0,Neu,True,True,True
76,0.0615617832413222,0.0420019909773072,0.0831385793898475,True,iou_grid_n2,NeutrophilerGranulozyt,0.0,Neu,True,True,True
76,0.0626147816154174,0.0419119576647384,0.0831972338564523,True,iou_grid_n3,NeutrophilerGranulozyt,0.0,Neu,True,True,True
76,0.0614833232458394,0.042886903690158,0.0832686691525173,True,iou_grid_n4,NeutrophilerGranulozyt,0.0,Neu,True,True,True
76,0.061674947288813,0.040012905453731,0.082949875878348,True,iou_grid_n5,NeutrophilerGranulozyt,0.0,Neu,True,True,True
76,0.0779928471152384,0.0511313253679152,0.0965894849763897,True,nn_center_global,NeutrophilerGranulozyt,0.0,Neu,True,True,True
76,0.0762130699249001,0.0410214433808193,0.0885435189001717,True,nn_center_grid_n1,NeutrophilerGranulozyt,0.0,Neu,True,True,True
76,0.0783263967138109,0.0509988719242106,0.0973701846548354,True,nn_center_grid_n2,NeutrophilerGranulozyt,0.0,Neu,True,True,True
76,0.0781632986535386,0.0510264977587728,0.0969931423827137,True,nn_center_grid_n3,NeutrophilerGranulozyt,0.0,Neu,True,True,True
76,0.0779905223772363,0.0510242094331803,0.0970725971937668,True,nn_center_grid_n4,NeutrophilerGranulozyt,0.0,Neu,True,True,True
76,0.0780548087109995,0.0511336370864009,0.0967912896898277,True,nn_center_grid_n5,NeutrophilerGranulozyt,0.0,Neu,True,True,True
76,0.1161545895024214,0.063274990338864,0.1338483998855837,True,nn_cluster_global,NeutrophilerGranulozyt,0.0,Neu,False,True,True
76,0.0957949273341763,0.0477086423011732,0.1155429085939796,True,nn_cluster_grid_n1,NeutrophilerGranulozyt,0.0,Neu,False,True,True
76,0.1125156648842896,0.0612029875255695,0.1321556445841648,True,nn_cluster_grid_n2,NeutrophilerGranulozyt,0.0,Neu,False,True,True
76,0.1138422778182853,0.0627565870094732,0.1331306202181889,True,nn_cluster_grid_n3,NeutrophilerGranulozyt,0.0,Neu,False,True,True
76,0.1144116679783097,0.0622384522828554,0.133300836514403,True,nn_cluster_grid_n4,NeutrophilerGranulozyt,0.0,Neu,False,True,True
76,0.1147062719373548,0.0630157550814174,0.1333873575503588,True,nn_cluster_grid_n5,NeutrophilerGranulozyt,0.0,Neu,False,True,True
76,0.1042080612760818,0.0544408610765509,0.1171107967619986,True,nn_dist_global,NeutrophilerGranulozyt,0.0,Neu,False,True,True
76,0.0930654711498296,0.0450283941139737,0.1059913283734452,True,nn_dist_grid_n1,NeutrophilerGranulozyt,0.0,Neu,False,True,True
76,0.1044148579978553,0.0551165824347847,0.117509222676978,True,nn_dist_grid_n2,NeutrophilerGranulozyt,0.0,Neu,False,True,True
76,0.1043459162535199,0.0549814016302527,0.1173999619825918,True,nn_dist_grid_n3,NeutrophilerGranulozyt,0.0,Neu,False,True,True
76,0.1042080612760819,0.0545759688251856,0.1172191702167639,True,nn_dist_grid_n4,NeutrophilerGranulozyt,0.0,Neu,False,True,True
76,0.1042769840138023,0.0548462390971011,0.1173552924770201,True,nn_dist_grid_n5,NeutrophilerGranulozyt,0.0,Neu,False,True,True
76,0.085117090845725,0.0720819904436343,0.1189792769145601,True,iou_edgecrop_global,EosinophilerGranulozyt,0.0,Eos,False,True,True
76,0.0868318588930618,0.0693686480486889,0.1168669932433585,True,iou_edgecrop_grid_n1,EosinophilerGranulozyt,0.0,Eos,False,True,True
76,0.0837574083765742,0.0717969458005054,0.1168506749717885,True,iou_edgecrop_grid_n2,EosinophilerGranulozyt,0.0,Eos,False,True,True
76,0.0831670105920157,0.0702616135525042,0.11677427494108,True,iou_edgecrop_grid_n3,EosinophilerGranulozyt,0.0,Eos,False,True,True
76,0.0865605577824002,0.0703786410545013,0.1168833120475181,True,iou_edgecrop_grid_n4,EosinophilerGranulozyt,0.0,Eos,False,True,True
76,0.0840055782722826,0.0730866951438846,0.1168069120168096,True,iou_edgecrop_grid_n5,EosinophilerGranulozyt,0.0,Eos,False,True,True
76,0.1128095005327836,0.0972377584551666,0.1412568329324983,True,iou_global,EosinophilerGranulozyt,0.0,Eos,False,True,True
76,0.1160911763533247,0.0947272631140747,0.1390662515526797,True,iou_grid_n1,EosinophilerGranulozyt,0.0,Eos,False,True,True
76,0.1120606536424349,0.0938342454277685,0.1390305697628768,True,iou_grid_n2,EosinophilerGranulozyt,0.0,Eos,False,True,True
76,0.112022562757565,0.0956734719413976,0.1412211511426955,True,iou_grid_n3,EosinophilerGranulozyt,0.0,Eos,False,True,True
76,0.1157152548173803,0.0987647685244776,0.141292515995536,True,iou_grid_n4,EosinophilerGranulozyt,0.0,Eos,False,True,True
76,0.1121635024189311,0.0912785073061548,0.1391733045618632,True,iou_grid_n5,EosinophilerGranulozyt,0.0,Eos,False,True,True
76,0.2957490008397829,0.2275246334775203,0.3384085981135913,False,nn_center_global,EosinophilerGranulozyt,0.0,Eos,False,False,False
76,0.2911631910516394,0.2195448886355301,0.3314013059053702,False,nn_center_grid_n1,EosinophilerGranulozyt,0.0,Eos,False,False,False
76,0.2958023299068417,0.2279557570025254,0.3387719843904664,False,nn_center_grid_n2,EosinophilerGranulozyt,0.0,Eos,False,False,False
76,0.295762332573309,0.2277962944649411,0.3387583331363251,False,nn_center_grid_n3,EosinophilerGranulozyt,0.0,Eos,False,False,False
76,0.2957223384390943,0.2276652615028279,0.3386105117586737,False,nn_center_grid_n4,EosinophilerGranulozyt,0.0,Eos,False,False,False
76,0.2957756646623151,0.2277770656695203,0.3385297949936263,False,nn_center_grid_n5,EosinophilerGranulozyt,0.0,Eos,False,False,False
76,0.3300124836166151,0.2701381550283785,0.3710263304066861,False,nn_cluster_global,EosinophilerGranulozyt,0.0,Eos,False,False,False
76,0.30934993087755,0.2428026051404006,0.3540255118421358,False,nn_cluster_grid_n1,EosinophilerGranulozyt,0.0,Eos,False,False,False
76,0.324993576157959,0.2650336415365635,0.3683698766414902,False,nn_cluster_grid_n2,EosinophilerGranulozyt,0.0,Eos,False,False,False
76,0.3275364524046382,0.2670056408054659,0.3699473145980105,False,nn_cluster_grid_n3,EosinophilerGranulozyt,0.0,Eos,False,False,False
76,0.3278430933814824,0.2683681847871626,0.3702668614619175,False,nn_cluster_grid_n4,EosinophilerGranulozyt,0.0,Eos,False,False,False
76,0.3285446940228025,0.26847298206305,0.3705325881220938,False,nn_cluster_grid_n5,EosinophilerGranulozyt,0.0,Eos,False,False,False
76,0.3097905007136696,0.2427497658665971,0.3550430049835729,False,nn_dist_global,EosinophilerGranulozyt,0.0,Eos,False,False,False
76,0.2985723111400153,0.2250408187780139,0.3418117653734426,False,nn_dist_grid_n1,EosinophilerGranulozyt,0.0,Eos,False,False,False
76,0.3101121682492107,0.2436777054546444,0.3554589834025963,False,nn_dist_grid_n2,EosinophilerGranulozyt,0.0,Eos,False,False,False
76,0.3100156462579839,0.2432362724117052,0.3551517707666208,False,nn_dist_grid_n3,EosinophilerGranulozyt,0.0,Eos,False,False,False
76,0.3098548176677074,0.242979079764354,0.3552056396580403,False,nn_dist_grid_n4,EosinophilerGranulozyt,0.0,Eos,False,False,False
76,0.3098548176677074,0.2430301932177314,0.3549823474129517,False,nn_dist_grid_n5,EosinophilerGranulozyt,0.0,Eos,False,False,False
76,-0.3277535190956627,-0.3466602938289791,-0.3019830245913388,False,iou_edgecrop_global,Makrophage,0.025,Mac,False,False,False
76,-0.3273556985543889,-0.346774566483657,-0.3019888187732065,False,iou_edgecrop_grid_n1,Makrophage,0.025,Mac,False,False,False
76,-0.3274825412569415,-0.3463333809427439,-0.3020170202357787,False,iou_edgecrop_grid_n2,Makrophage,0.025,Mac,False,False,False
76,-0.3278057092273055,-0.3465993584060534,-0.3018807163422761,False,iou_edgecrop_grid_n3,Makrophage,0.025,Mac,False,False,False
76,-0.3273243919045355,-0.3464877217416716,-0.3019366232918992,False,iou_edgecrop_grid_n4,Makrophage,0.025,Mac,False,False,False
76,-0.3277943626835939,-0.3465450550785157,-0.3019435347123053,False,iou_edgecrop_grid_n5,Makrophage,0.025,Mac,False,False,False
76,-0.0540671005331941,-0.0831983325028934,-0.0439722680115134,True,iou_global,Makrophage,0.025,Mac,True,True,True
76,-0.0660761713155858,-0.0960838638179296,-0.0542221837109698,True,iou_grid_n1,Makrophage,0.025,Mac,True,True,True
76,-0.0518944130456169,-0.0819716670783989,-0.0417490120296243,True,iou_grid_n2,Makrophage,0.025,Mac,True,True,True
76,-0.0529317777427279,-0.08268733740903,-0.042980432126437,True,iou_grid_n3,Makrophage,0.025,Mac,True,True,True
76,-0.0531536109891428,-0.08285309900135,-0.0429343177384724,True,iou_grid_n4,Makrophage,0.025,Mac,True,True,True
76,-0.0532006653901283,-0.0830741576035277,-0.0433856428797666,True,iou_grid_n5,Makrophage,0.025,Mac,True,True,True
76,-0.1104855590589035,-0.1342735643082539,-0.091578427152875,True,nn_center_global,Makrophage,0.025,Mac,False,True,True
76,-0.1000013610295284,-0.1224787548404196,-0.0783450302078203,True,nn_center_grid_n1,Makrophage,0.025,Mac,False,True,True
76,-0.1136974366093734,-0.1358241958986901,-0.0939104586435393,True,nn_center_grid_n2,Makrophage,0.025,Mac,False,True,True
76,-0.1121889322469859,-0.1348379883300762,-0.0927840705830933,True,nn_center_grid_n3,Makrophage,0.025,Mac,False,True,True
76,-0.1114609716202945,-0.1351628745845917,-0.0921999736860892,True,nn_center_grid_n4,Makrophage,0.025,Mac,False,True,True
76,-0.1114374703601872,-0.1344128319147611,-0.0921252253184992,True,nn_center_grid_n5,Makrophage,0.025,Mac,False,True,True
76,0.0200456164842862,-0.032106538631101,0.0373705390194537,True,nn_cluster_global,Makrophage,0.025,Mac,True,True,True
76,-0.0575703704083117,-0.0955514812994273,-0.0348592937309859,True,nn_cluster_grid_n1,Makrophage,0.025,Mac,True,True,True
76,0.019237156449716,-0.0328048201136776,0.036156572383841,True,nn_cluster_grid_n2,Makrophage,0.025,Mac,True,True,True
76,0.0198953334006839,-0.0327144806155319,0.0365103119726519,True,nn_cluster_grid_n3,Makrophage,0.025,Mac,True,True,True
76,0.0197565183673714,-0.0320398240444835,0.0368534674095366,True,nn_cluster_grid_n4,Makrophage,0.025,Mac,True,True,True
76,0.0199959851281409,-0.0322964647066934,0.0367211899301314,True,nn_cluster_grid_n5,Makrophage,0.025,Mac,True,True,True
76,0.0083090868165559,-0.039304925947656,0.0263522892609171,True,nn_dist_global,Makrophage,0.025,Mac,True,True,True
76,-0.061006646604009,-0.0970876079514103,-0.0417762748476758,True,nn_dist_grid_n1,Makrophage,0.025,Mac,True,True,True
76,0.0087994891395513,-0.0390282537736785,0.0265194777538668,True,nn_dist_grid_n2,Makrophage,0.025,Mac,True,True,True
76,0.0084838985578461,-0.0388613044428128,0.0265768306021207,True,nn_dist_grid_n3,Makrophage,0.025,Mac,True,True,True
76,0.0085169826549447,-0.039280503817671,0.0263230053373455,True,nn_dist_grid_n4,Makrophage,0.025,Mac,True,True,True
76,0.0083242378699437,-0.0389999009769789,0.026563451894027,True,nn_dist_grid_n5,Makrophage,0.025,Mac,True,True,True
76,0.0269644933880586,0.0068581343773598,0.0574985893610898,True,iou_edgecrop_global,NeutrophilerGranulozyt,0.025,Neu,True,True,True
76,0.0272785308735208,0.0074433285077721,0.0574985893610898,True,iou_edgecrop_grid_n1,NeutrophilerGranulozyt,0.025,Neu,True,True,True
76,0.0259773262361999,0.0076143371809816,0.0555135529598032,True,iou_edgecrop_grid_n2,NeutrophilerGranulozyt,0.025,Neu,True,True,True
76,0.0261866626428581,0.0069926054291151,0.0575506324738166,True,iou_edgecrop_grid_n3,NeutrophilerGranulozyt,0.025,Neu,True,True,True
76,0.0269644933880586,0.0069524336011431,0.0556109069728603,True,iou_edgecrop_grid_n4,NeutrophilerGranulozyt,0.025,Neu,True,True,True
76,0.0261866626428581,0.0073490348235981,0.0543847065332501,True,iou_edgecrop_grid_n5,NeutrophilerGranulozyt,0.025,Neu,True,True,True
76,0.0779543446197948,0.0601135770143692,0.0940277945128003,True,iou_global,NeutrophilerGranulozyt,0.025,Neu,True,True,True
76,0.0645255301986308,0.0493597167513414,0.084249984242662,True,iou_grid_n1,NeutrophilerGranulozyt,0.025,Neu,True,True,True
76,0.0788966486122169,0.0620732057387285,0.0975168305102154,True,iou_grid_n2,NeutrophilerGranulozyt,0.025,Neu,True,True,True
76,0.0784877306544144,0.0612762551804209,0.0964114717201746,True,iou_grid_n3,NeutrophilerGranulozyt,0.025,Neu,True,True,True
76,0.0784590567461733,0.0616432431755775,0.096889212665163,True,iou_grid_n4,NeutrophilerGranulozyt,0.025,Neu,True,True,True
76,0.0782767356695131,0.0615463110764369,0.0962601796848162,True,iou_grid_n5,NeutrophilerGranulozyt,0.025,Neu,True,True,True
76,0.1021175809135199,0.0821978104727403,0.1281109071789234,True,nn_center_global,NeutrophilerGranulozyt,0.025,Neu,False,True,True
76,0.0741437444412153,0.0538577871498724,0.0955182008260355,True,nn_center_grid_n1,NeutrophilerGranulozyt,0.025,Neu,True,True,True
76,0.1001632434364694,0.0825108975134942,0.1225176145693622,True,nn_center_grid_n2,NeutrophilerGranulozyt,0.025,Neu,False,True,True
76,0.0997580171481783,0.0821978104727403,0.1234488940731122,True,nn_center_grid_n3,NeutrophilerGranulozyt,0.025,Neu,False,True,True
76,0.102134992028345,0.082041303703503,0.1234488940731117,True,nn_center_grid_n4,NeutrophilerGranulozyt,0.025,Neu,False,True,True
76,0.1009292867158035,0.0823543417401806,0.128110907178923,True,nn_center_grid_n5,NeutrophilerGranulozyt,0.025,Neu,False,True,True
76,0.1277907537181316,0.0966296410265065,0.1498563430018039,True,nn_cluster_global,NeutrophilerGranulozyt,0.025,Neu,False,True,True
76,0.0968953761493193,0.0645247846420523,0.1156455414942458,True,nn_cluster_grid_n1,NeutrophilerGranulozyt,0.025,Neu,False,True,True
76,0.1300711857501083,0.0966296410265065,0.1513205213676006,True,nn_cluster_grid_n2,NeutrophilerGranulozyt,0.025,Neu,False,False,True
76,0.1291645779997203,0.0970454737019845,0.1504017884222827,True,nn_cluster_grid_n3,NeutrophilerGranulozyt,0.025,Neu,False,False,True
76,0.1282813260330999,0.0966296410265065,0.1512738615023894,True,nn_cluster_grid_n4,NeutrophilerGranulozyt,0.025,Neu,False,False,True
76,0.1286774308107767,0.0966296410265065,0.1499901637497664,True,nn_cluster_grid_n5,NeutrophilerGranulozyt,0.025,Neu,False,True,True
76,0.1255772760788971,0.0947446263307354,0.146552771068955,True,nn_dist_global,NeutrophilerGranulozyt,0.025,Neu,False,True,True
76,0.0924336537498778,0.0601139546860453,0.1084217606467147,True,nn_dist_grid_n1,NeutrophilerGranulozyt,0.025,Neu,False,True,True
76,0.122433260999722,0.0947446263307354,0.1454440038089941,True,nn_dist_grid_n2,NeutrophilerGranulozyt,0.025,Neu,False,True,True
76,0.1243994192326676,0.0947446263307354,0.1466292453057472,True,nn_dist_grid_n3,NeutrophilerGranulozyt,0.025,Neu,False,True,True
76,0.1221590254244942,0.0947446263307354,0.1465959320974728,True,nn_dist_grid_n4,NeutrophilerGranulozyt,0.025,Neu,False,True,True
76,0.1257058823612529,0.0947446263307354,0.146354444529388,True,nn_dist_grid_n5,NeutrophilerGranulozyt,0.025,Neu,False,True,True
76,0.088869145812173,0.063654320478635,0.1182255394504688,True,iou_edgecrop_global,EosinophilerGranulozyt,0.025,Eos,False,True,True
76,0.087566843396684,0.0655652888796205,0.119392150674229,True,iou_edgecrop_grid_n1,EosinophilerGranulozyt,0.025,Eos,False,True,True
76,0.0879220275500198,0.0664804915742736,0.1181698942849116,True,iou_edgecrop_grid_n2,EosinophilerGranulozyt,0.025,Eos,False,True,True
76,0.0879220275500198,0.0663889751468191,0.119392150674229,True,iou_edgecrop_grid_n3,EosinophilerGranulozyt,0.025,Eos,False,True,True
76,0.0959161421226664,0.0648119584193069,0.1177352391714287,True,iou_edgecrop_grid_n4,EosinophilerGranulozyt,0.025,Eos,False,True,True
76,0.0878853147450305,0.0656048126793005,0.1208724467067807,True,iou_edgecrop_grid_n5,EosinophilerGranulozyt,0.025,Eos,False,True,True
76,0.1367926995230073,0.1030282323909403,0.1533186099270378,True,iou_global,EosinophilerGranulozyt,0.025,Eos,False,False,True
76,0.1306778684307732,0.0918725141549514,0.1446748797229666,True,iou_grid_n1,EosinophilerGranulozyt,0.025,Eos,False,True,True
76,0.1328006853055644,0.1053191841374956,0.1581061568684409,True,iou_grid_n2,EosinophilerGranulozyt,0.025,Eos,False,False,True
76,0.1369398985762201,0.104408293369099,0.159460187825053,True,iou_grid_n3,EosinophilerGranulozyt,0.025,Eos,False,False,True
76,0.1321256103315808,0.1015379992148179,0.1528177821115304,True,iou_grid_n4,EosinophilerGranulozyt,0.025,Eos,False,False,True
76,0.1368645818169445,0.1058016819103526,0.152141045507733,True,iou_grid_n5,EosinophilerGranulozyt,0.025,Eos,False,False,True
76,0.3404700854427565,0.2539538633999991,0.3894642469723961,False,nn_center_global,EosinophilerGranulozyt,0.025,Eos,False,False,False
76,0.2917535688703343,0.2026937401669559,0.3513900314835942,False,nn_center_grid_n1,EosinophilerGranulozyt,0.025,Eos,False,False,False
76,0.3414105365829243,0.2545872189699814,0.3910809740414007,False,nn_center_grid_n2,EosinophilerGranulozyt,0.025,Eos,False,False,False
76,0.3409221143431171,0.2541890511022098,0.3905362136863797,False,nn_center_grid_n3,EosinophilerGranulozyt,0.025,Eos,False,False,False
76,0.3405333565595765,0.2539901330932932,0.389744738775367,False,nn_center_grid_n4,EosinophilerGranulozyt,0.025,Eos,False,False,False
76,0.3406960702636721,0.2539719900705879,0.3901553703393714,False,nn_center_grid_n5,EosinophilerGranulozyt,0.025,Eos,False,False,False
76,0.3810897099226857,0.2921255642037177,0.4256298569632153,False,nn_cluster_global,EosinophilerGranulozyt,0.025,Eos,False,False,False
76,0.3180592423611372,0.2340512364389078,0.3764095882124367,False,nn_cluster_grid_n1,EosinophilerGranulozyt,0.025,Eos,False,False,False
76,0.382982689652686,0.2897852575046533,0.4309764831969467,False,nn_cluster_grid_n2,EosinophilerGranulozyt,0.025,Eos,False,False,False
76,0.3799508945381553,0.2902992931839584,0.430086835952719,False,nn_cluster_grid_n3,EosinophilerGranulozyt,0.025,Eos,False,False,False
76,0.382494153521463,0.2913632993347477,0.4256561986672729,False,nn_cluster_grid_n4,EosinophilerGranulozyt,0.025,Eos,False,False,False
76,0.3803478249638703,0.2912757335709677,0.4307283193721622,False,nn_cluster_grid_n5,EosinophilerGranulozyt,0.025,Eos,False,False,False
76,0.369483375208371,0.2716233197689048,0.4207023843343993,False,nn_dist_global,EosinophilerGranulozyt,0.025,Eos,False,False,False
76,0.3135874793494073,0.2189556702514483,0.3691680901847498,False,nn_dist_grid_n1,EosinophilerGranulozyt,0.025,Eos,False,False,False
76,0.3702383284817441,0.2727295290999729,0.4213610846917883,False,nn_dist_grid_n2,EosinophilerGranulozyt,0.025,Eos,False,False,False
76,0.3698497426913318,0.2721829655084444,0.4210570152264661,False,nn_dist_grid_n3,EosinophilerGranulozyt,0.025,Eos,False,False,False
76,0.3696434773136132,0.2721695770145154,0.4208374669883032,False,nn_dist_grid_n4,EosinophilerGranulozyt,0.025,Eos,False,False,False
76,0.3696434773136132,0.271837458266249,0.4209050151586178,False,nn_dist_grid_n5,EosinophilerGranulozyt,0.025,Eos,False,False,False
76,-0.329512059707037,-0.3507479765572238,-0.3069860394890621,False,iou_edgecrop_global,Makrophage,0.05,Mac,False,False,False
76,-0.329512059707037,-0.3508433204858188,-0.3068574184918055,False,iou_edgecrop_grid_n1,Makrophage,0.05,Mac,False,False,False
76,-0.3297967002215559,-0.351126326250703,-0.3070072189339114,False,iou_edgecrop_grid_n2,Makrophage,0.05,Mac,False,False,False
76,-0.329767337968321,-0.3506669781725917,-0.3070072189339114,False,iou_edgecrop_grid_n3,Makrophage,0.05,Mac,False,False,False
76,-0.329720264686782,-0.3511110284795871,-0.3068788732810359,False,iou_edgecrop_grid_n4,Makrophage,0.05,Mac,False,False,False
76,-0.329613489872716,-0.3508605020396941,-0.3069000460548136,False,iou_edgecrop_grid_n5,Makrophage,0.05,Mac,False,False,False
76,-0.0041603857090648,-0.0294120158425923,0.0177277104883001,True,iou_global,Makrophage,0.05,Mac,True,True,True
76,-0.0633374464564185,-0.0934056774323864,-0.057197132927662,True,iou_grid_n1,Makrophage,0.05,Mac,True,True,True
76,-0.0044235688027681,-0.0288633363557629,0.0185722457226534,True,iou_grid_n2,Makrophage,0.05,Mac,True,True,True
76,-0.0049065217444845,-0.0289526721616569,0.017918216074941,True,iou_grid_n3,Makrophage,0.05,Mac,True,True,True
76,-0.0045623103493047,-0.0286337444724683,0.0178913093276323,True,iou_grid_n4,Makrophage,0.05,Mac,True,True,True
76,-0.0044150048688967,-0.0289181377956871,0.0179016966995893,True,iou_grid_n5,Makrophage,0.05,Mac,True,True,True
76,-0.1403408964686158,-0.1560893155528113,-0.1156528640704037,True,nn_center_global,Makrophage,0.05,Mac,False,False,True
76,-0.0926687611591789,-0.1209025414285744,-0.078310427434115,True,nn_center_grid_n1,Makrophage,0.05,Mac,False,True,True
76,-0.1439756613246939,-0.1599358668827769,-0.1197275239493043,True,nn_center_grid_n2,Makrophage,0.05,Mac,False,False,True
76,-0.142203555043553,-0.1579972739840454,-0.1174815049420689,True,nn_center_grid_n3,Makrophage,0.05,Mac,False,False,True
76,-0.1415359420124547,-0.1574167035656543,-0.1172941749621898,True,nn_center_grid_n4,Makrophage,0.05,Mac,False,False,True
76,-0.1414555595132835,-0.157258294604074,-0.1166638227023815,True,nn_center_grid_n5,Makrophage,0.05,Mac,False,False,True
76,0.0214833174447239,-0.0169024839111967,0.0567249755127622,True,nn_cluster_global,Makrophage,0.05,Mac,True,True,True
76,-0.0556950558985662,-0.0850568070769274,-0.0318249627251384,True,nn_cluster_grid_n1,Makrophage,0.05,Mac,True,True,True
76,0.0260085636854031,-0.013643299739885,0.0597704792747286,True,nn_cluster_grid_n2,Makrophage,0.05,Mac,True,True,True
76,0.0234761375222112,-0.0153586056938497,0.0583374435004399,True,nn_cluster_grid_n3,Makrophage,0.05,Mac,True,True,True
76,0.0225798842354678,-0.0158952145446295,0.0577587634520761,True,nn_cluster_grid_n4,Makrophage,0.05,Mac,True,True,True
76,0.0223810810004882,-0.0158614593748141,0.0574441556520318,True,nn_cluster_grid_n5,Makrophage,0.05,Mac,True,True,True
76,0.0274368928649982,-0.0115150715495361,0.0543981611212847,True,nn_dist_global,Makrophage,0.05,Mac,True,True,True
76,-0.0595790174374771,-0.0882808792141914,-0.0419489175672027,True,nn_dist_grid_n1,Makrophage,0.05,Mac,True,True,True
76,0.0255169650972258,-0.0126608748442523,0.0524229504839959,True,nn_dist_grid_n2,Makrophage,0.05,Mac,True,True,True
76,0.0264526874596021,-0.0121509504661314,0.0534706933803358,True,nn_dist_grid_n3,Makrophage,0.05,Mac,True,True,True
76,0.0267028958181412,-0.0119548146725008,0.0538969306433185,True,nn_dist_grid_n4,Makrophage,0.05,Mac,True,True,True
76,0.0270439430561799,-0.0117833462462667,0.0538841198453582,True,nn_dist_grid_n5,Makrophage,0.05,Mac,True,True,True
76,0.0270615574203192,0.0066006182171219,0.0492833108617044,True,iou_edgecrop_global,NeutrophilerGranulozyt,0.05,Neu,True,True,True
76,0.0271143083830732,0.0056250482046245,0.0481214324296904,True,iou_edgecrop_grid_n1,NeutrophilerGranulozyt,0.05,Neu,True,True,True
76,0.0262178483408779,0.0067426010117446,0.0493007872618161,True,iou_edgecrop_grid_n2,NeutrophilerGranulozyt,0.05,Neu,True,True,True
76,0.0258391044307976,0.0065524801745655,0.0493094110309226,True,iou_edgecrop_grid_n3,NeutrophilerGranulozyt,0.05,Neu,True,True,True
76,0.0259187159268657,0.0065955743353334,0.0484465732336015,True,iou_edgecrop_grid_n4,NeutrophilerGranulozyt,0.05,Neu,True,True,True
76,0.0270708151433668,0.0066393940722697,0.0491623851344378,True,iou_edgecrop_grid_n5,NeutrophilerGranulozyt,0.05,Neu,True,True,True
76,0.0906938385441924,0.060803486235211,0.1046590347440278,True,iou_global,NeutrophilerGranulozyt,0.05,Neu,False,True,True
76,0.0643174230631487,0.0490156051141376,0.0905724074783087,True,iou_grid_n1,NeutrophilerGranulozyt,0.05,Neu,True,True,True
76,0.0914570258572262,0.0605729380628345,0.1029344381397758,True,iou_grid_n2,NeutrophilerGranulozyt,0.05,Neu,False,True,True
76,0.0924517444928144,0.0608508291926788,0.1030451459576893,True,iou_grid_n3,NeutrophilerGranulozyt,0.05,Neu,False,True,True
76,0.0907737447285719,0.0630789680601358,0.1039409709481736,True,iou_grid_n4,NeutrophilerGranulozyt,0.05,Neu,False,True,True
76,0.0923049256045631,0.062113205363074,0.104670339909092,True,iou_grid_n5,NeutrophilerGranulozyt,0.05,Neu,False,True,True
76,0.1029847846661327,0.0720460080029037,0.1237677623106171,True,nn_center_global,NeutrophilerGranulozyt,0.05,Neu,False,True,True
76,0.0763300424188513,0.0573550635747261,0.1027452888978295,True,nn_center_grid_n1,NeutrophilerGranulozyt,0.05,Neu,False,True,True
76,0.0998166029256858,0.0707310834215948,0.1228792936524391,True,nn_center_grid_n2,NeutrophilerGranulozyt,0.05,Neu,False,True,True
76,0.100813217154774,0.0720460080029039,0.1231574148198628,True,nn_center_grid_n3,NeutrophilerGranulozyt,0.05,Neu,False,True,True
76,0.1028329945894235,0.0707310834215948,0.1222395742265586,True,nn_center_grid_n4,NeutrophilerGranulozyt,0.05,Neu,False,True,True
76,0.1022663552733193,0.0720460080029039,0.1231542916570485,True,nn_center_grid_n5,NeutrophilerGranulozyt,0.05,Neu,False,True,True
76,0.1285934752194217,0.0884224630932486,0.1556324509001077,True,nn_cluster_global,NeutrophilerGranulozyt,0.05,Neu,False,False,True
76,0.1074119952442975,0.064199473984519,0.1222241583487251,True,nn_cluster_grid_n1,NeutrophilerGranulozyt,0.05,Neu,False,True,True
76,0.131206928121726,0.0892450283001917,0.1542556558807301,True,nn_cluster_grid_n2,NeutrophilerGranulozyt,0.05,Neu,False,False,True
76,0.1297622901645829,0.0883944598050031,0.1549816806407567,True,nn_cluster_grid_n3,NeutrophilerGranulozyt,0.05,Neu,False,False,True
76,0.1278487290272809,0.0883905175200465,0.1552054675887603,True,nn_cluster_grid_n4,NeutrophilerGranulozyt,0.05,Neu,False,False,True
76,0.1294744811833992,0.0884145741692324,0.1551408880437663,True,nn_cluster_grid_n5,NeutrophilerGranulozyt,0.05,Neu,False,False,True
76,0.1263842114564433,0.0846942050985507,0.140630713528125,True,nn_dist_global,NeutrophilerGranulozyt,0.05,Neu,False,True,True
76,0.0989146611047594,0.0592487626433645,0.1161053573271471,True,nn_dist_grid_n1,NeutrophilerGranulozyt,0.05,Neu,False,True,True
76,0.1260224119836279,0.0838510527415308,0.1403796623227298,True,nn_dist_grid_n2,NeutrophilerGranulozyt,0.05,Neu,False,True,True
76,0.1263256710793869,0.0844126258093622,0.1407349652221861,True,nn_dist_grid_n3,NeutrophilerGranulozyt,0.05,Neu,False,True,True
76,0.1257769971246199,0.083785520022344,0.1405140853742172,True,nn_dist_grid_n4,NeutrophilerGranulozyt,0.05,Neu,False,True,True
76,0.1262766346452772,0.0847261508955592,0.1403890641464438,True,nn_dist_grid_n5,NeutrophilerGranulozyt,0.05,Neu,False,True,True
76,0.0636831306987917,0.029562921995873,0.1092916203149489,True,iou_edgecrop_global,EosinophilerGranulozyt,0.05,Eos,False,True,True
76,0.0645945541246988,0.0308491382340729,0.1198424442408494,True,iou_edgecrop_grid_n1,EosinophilerGranulozyt,0.05,Eos,False,True,True
76,0.0661645253698564,0.0303113789897735,0.1055596561938563,True,iou_edgecrop_grid_n2,EosinophilerGranulozyt,0.05,Eos,False,True,True
76,0.0634098319764913,0.0286280149307793,0.1132286991785733,True,iou_edgecrop_grid_n3,EosinophilerGranulozyt,0.05,Eos,False,True,True
76,0.0660734091964836,0.0328131144820913,0.1133414700097007,True,iou_edgecrop_grid_n4,EosinophilerGranulozyt,0.05,Eos,False,True,True
76,0.0646375426099747,0.0327071822786022,0.1121254790589887,True,iou_edgecrop_grid_n5,EosinophilerGranulozyt,0.05,Eos,False,True,True
76,0.1212524332317304,0.0869315893877544,0.1459258575352393,True,iou_global,EosinophilerGranulozyt,0.05,Eos,False,True,True
76,0.1043253577153118,0.0931918787613981,0.1473417631551301,True,iou_grid_n1,EosinophilerGranulozyt,0.05,Eos,False,True,True
76,0.1206282655253594,0.0900648997839186,0.1474285216061321,True,iou_grid_n2,EosinophilerGranulozyt,0.05,Eos,False,True,True
76,0.1212634732483297,0.0920437165865715,0.1460158867330436,True,iou_grid_n3,EosinophilerGranulozyt,0.05,Eos,False,True,True
76,0.1231150787539108,0.0913532897378111,0.1452392881954365,True,iou_grid_n4,EosinophilerGranulozyt,0.05,Eos,False,True,True
76,0.1206611357341924,0.0876539368702458,0.1452392881954365,True,iou_grid_n5,EosinophilerGranulozyt,0.05,Eos,False,True,True
76,0.3337233470975875,0.24741979540985,0.3933155639668058,False,nn_center_global,EosinophilerGranulozyt,0.05,Eos,False,False,False
76,0.2778883572697053,0.2012427846734681,0.3507731305569479,False,nn_center_grid_n1,EosinophilerGranulozyt,0.05,Eos,False,False,False
76,0.3344867333745305,0.2477677828963478,0.3941684115395858,False,nn_center_grid_n2,EosinophilerGranulozyt,0.05,Eos,False,False,False
76,0.3342478797760919,0.2475123064994726,0.3936787948403808,False,nn_center_grid_n3,EosinophilerGranulozyt,0.05,Eos,False,False,False
76,0.333983962833376,0.2475873147083516,0.3936628680831679,False,nn_center_grid_n4,EosinophilerGranulozyt,0.05,Eos,False,False,False
76,0.3340259390332973,0.2474971050350525,0.3935839601685407,False,nn_center_grid_n5,EosinophilerGranulozyt,0.05,Eos,False,False,False
76,0.37814210053455,0.2861949157981149,0.449253614632513,False,nn_cluster_global,EosinophilerGranulozyt,0.05,Eos,False,False,False
76,0.2872992273935877,0.2227333190975007,0.3746974728993676,False,nn_cluster_grid_n1,EosinophilerGranulozyt,0.05,Eos,False,False,False
76,0.379248317013527,0.2860122011557391,0.4448096728663806,False,nn_cluster_grid_n2,EosinophilerGranulozyt,0.05,Eos,False,False,False
76,0.3787629738229845,0.2852889383101566,0.4483126153546823,False,nn_cluster_grid_n3,EosinophilerGranulozyt,0.05,Eos,False,False,False
76,0.379132742687966,0.2855981119430812,0.4486673335916822,False,nn_cluster_grid_n4,EosinophilerGranulozyt,0.05,Eos,False,False,False
76,0.3792946413150955,0.2857085774451544,0.4487650232317737,False,nn_cluster_grid_n5,EosinophilerGranulozyt,0.05,Eos,False,False,False
76,0.366811399848705,0.2752334980371727,0.4333291888596551,False,nn_dist_global,EosinophilerGranulozyt,0.05,Eos,False,False,False
76,0.28098631594796,0.2103444390216391,0.3704636852349892,False,nn_dist_grid_n1,EosinophilerGranulozyt,0.05,Eos,False,False,False
76,0.3675717475568949,0.2750480573829241,0.4335631609500319,False,nn_dist_grid_n2,EosinophilerGranulozyt,0.05,Eos,False,False,False
76,0.3670756429951254,0.2753632165487316,0.4333978843327317,False,nn_dist_grid_n3,EosinophilerGranulozyt,0.05,Eos,False,False,False
76,0.3668439678343862,0.2753415944596022,0.4334944560375224,False,nn_dist_grid_n4,EosinophilerGranulozyt,0.05,Eos,False,False,False
76,0.3669816614645231,0.2751902660108607,0.4333978843327317,False,nn_dist_grid_n5,EosinophilerGranulozyt,0.05,Eos,False,False,False
76,-0.3235076429685631,-0.3416640504868292,-0.2969004035764194,False,iou_edgecrop_global,Makrophage,0.075,Mac,False,False,False
76,-0.3323292082742594,-0.3511068968037453,-0.3075858402513942,False,iou_edgecrop_grid_n1,Makrophage,0.075,Mac,False,False,False
76,-0.3233216820720306,-0.3419063037921072,-0.2970919162827832,False,iou_edgecrop_grid_n2,Makrophage,0.075,Mac,False,False,False
76,-0.3234463108346307,-0.3416685467938065,-0.2969999007244603,False,iou_edgecrop_grid_n3,Makrophage,0.075,Mac,False,False,False
76,-0.3235340532232038,-0.3414057230256565,-0.29714682475055,False,iou_edgecrop_grid_n4,Makrophage,0.075,Mac,False,False,False
76,-0.3234901839535989,-0.3417915673868339,-0.2969491373330226,False,iou_edgecrop_grid_n5,Makrophage,0.075,Mac,False,False,False
76,-0.0401748063270259,-0.061992890426817,-0.0243452767426488,True,iou_global,Makrophage,0.075,Mac,True,True,True
76,-0.0637948500270265,-0.093984265661015,-0.0536470238411151,True,iou_grid_n1,Makrophage,0.075,Mac,True,True,True
76,-0.0434146247750909,-0.0657315209030385,-0.0263570880834277,True,iou_grid_n2,Makrophage,0.075,Mac,True,True,True
76,-0.0416160513490173,-0.0640702988050764,-0.0256062553602374,True,iou_grid_n3,Makrophage,0.075,Mac,True,True,True
76,-0.0414074152093884,-0.0632476854384818,-0.0251374497488146,True,iou_grid_n4,Makrophage,0.075,Mac,True,True,True
76,-0.0409102121748577,-0.0633869767375751,-0.0245604482347647,True,iou_grid_n5,Makrophage,0.075,Mac,True,True,True
76,-0.156406881348946,-0.1753414252422848,-0.1382390173186694,True,nn_center_global,Makrophage,0.075,Mac,False,False,True
76,-0.0952544633436541,-0.1214871955634199,-0.0760899885710976,True,nn_center_grid_n1,Makrophage,0.075,Mac,False,True,True
76,-0.1604500921307099,-0.1794210794076522,-0.1409489285823338,True,nn_center_grid_n2,Makrophage,0.075,Mac,False,False,True
76,-0.1588381620065292,-0.1772387741126369,-0.139834135540153,True,nn_center_grid_n3,Makrophage,0.075,Mac,False,False,True
76,-0.157680226109175,-0.1767293247518559,-0.1394352303947531,True,nn_center_grid_n4,Makrophage,0.075,Mac,False,False,True
76,-0.1579093919452843,-0.1763252962557979,-0.1393776368081146,True,nn_center_grid_n5,Makrophage,0.075,Mac,False,False,True
76,0.0060774963606122,-0.0264302425647193,0.0339570901301982,True,nn_cluster_global,Makrophage,0.075,Mac,True,True,True
76,-0.0551914249017578,-0.0890923736997301,-0.0325614862045211,True,nn_cluster_grid_n1,Makrophage,0.075,Mac,True,True,True
76,0.0112514194271939,-0.0183071230669092,0.0423486446251759,True,nn_cluster_grid_n2,Makrophage,0.075,Mac,True,True,True
76,0.0096682498656399,-0.0230044376782607,0.0382978974087114,True,nn_cluster_grid_n3,Makrophage,0.075,Mac,True,True,True
76,0.0077429684390759,-0.0239153337694817,0.036813002492899,True,nn_cluster_grid_n4,Makrophage,0.075,Mac,True,True,True
76,0.0075307436235408,-0.0248603787171874,0.0360330925571539,True,nn_cluster_grid_n5,Makrophage,0.075,Mac,True,True,True
76,0.0229982488776734,-0.0113048338372476,0.0461685958576164,True,nn_dist_global,Makrophage,0.075,Mac,True,True,True
76,-0.0581978393113302,-0.0907814784212901,-0.0410763973646666,True,nn_dist_grid_n1,Makrophage,0.075,Mac,True,True,True
76,0.0185812926335562,-0.0154754946945892,0.0416563177625399,True,nn_dist_grid_n2,Makrophage,0.075,Mac,True,True,True
76,0.0206098054095442,-0.0131519607820064,0.0437112923636802,True,nn_dist_grid_n3,Makrophage,0.075,Mac,True,True,True
76,0.0214009093020885,-0.0130909175741763,0.0446200236388727,True,nn_dist_grid_n4,Makrophage,0.075,Mac,True,True,True
76,0.021749200444499,-0.0125096492882006,0.04486603532559,True,nn_dist_grid_n5,Makrophage,0.075,Mac,True,True,True
76,0.0358343189107582,0.0259260409748938,0.0585299320358929,True,iou_edgecrop_global,NeutrophilerGranulozyt,0.075,Neu,True,True,True
76,0.0285680995545676,0.0124522465591021,0.0468846893578693,True,iou_edgecrop_grid_n1,NeutrophilerGranulozyt,0.075,Neu,True,True,True
76,0.0356720075962344,0.025936695066018,0.0599855371396222,True,iou_edgecrop_grid_n2,NeutrophilerGranulozyt,0.075,Neu,True,True,True
76,0.0359007652728664,0.0259143127235903,0.0587122474435648,True,iou_edgecrop_grid_n3,NeutrophilerGranulozyt,0.075,Neu,True,True,True
76,0.0358620529045378,0.0259392374164594,0.058837158033008,True,iou_edgecrop_grid_n4,NeutrophilerGranulozyt,0.075,Neu,True,True,True
76,0.0358534682951079,0.0257675330623753,0.0596784629380824,True,iou_edgecrop_grid_n5,NeutrophilerGranulozyt,0.075,Neu,True,True,True
76,0.0713365450531888,0.0573641324484553,0.0919384257962282,True,iou_global,NeutrophilerGranulozyt,0.075,Neu,True,True,True
76,0.0671192230505923,0.0497718411424486,0.0863497976082736,True,iou_grid_n1,NeutrophilerGranulozyt,0.075,Neu,True,True,True
76,0.0696991060834,0.0565131094527502,0.0919685786229479,True,iou_grid_n2,NeutrophilerGranulozyt,0.075,Neu,True,True,True
76,0.0690437716239157,0.056869939902811,0.0929827643437014,True,iou_grid_n3,NeutrophilerGranulozyt,0.075,Neu,True,True,True
76,0.0721285377114691,0.0586163220082183,0.0912335970315808,True,iou_grid_n4,NeutrophilerGranulozyt,0.075,Neu,True,True,True
76,0.0728246783343504,0.0567332344458398,0.0920084163245023,True,iou_grid_n5,NeutrophilerGranulozyt,0.075,Neu,True,True,True
76,0.0886206540068073,0.0665526967557229,0.1253510517717919,True,nn_center_global,NeutrophilerGranulozyt,0.075,Neu,False,True,True
76,0.0808980398848981,0.0568440162386636,0.1023096636641853,True,nn_center_grid_n1,NeutrophilerGranulozyt,0.075,Neu,False,True,True
76,0.088431721795526,0.0673470183664983,0.1247754091999617,True,nn_center_grid_n2,NeutrophilerGranulozyt,0.075,Neu,False,True,True
76,0.0884545439233945,0.0666645339944397,0.1251613082820657,True,nn_center_grid_n3,NeutrophilerGranulozyt,0.075,Neu,False,True,True
76,0.0885376125364725,0.066851352141689,0.1252669193326618,True,nn_center_grid_n4,NeutrophilerGranulozyt,0.075,Neu,False,True,True
76,0.0884157377517358,0.066817662433039,0.1255336834954299,True,nn_center_grid_n5,NeutrophilerGranulozyt,0.075,Neu,False,True,True
76,0.1208680641525885,0.0766179518931949,0.1490124951840915,True,nn_cluster_global,NeutrophilerGranulozyt,0.075,Neu,False,True,True
76,0.1024978362571966,0.0636678878598411,0.1164296319904956,True,nn_cluster_grid_n1,NeutrophilerGranulozyt,0.075,Neu,False,True,True
76,0.1196096860976339,0.0770120748847574,0.1464937562432617,True,nn_cluster_grid_n2,NeutrophilerGranulozyt,0.075,Neu,False,True,True
76,0.1201924911525795,0.0763517602556769,0.1473681686746409,True,nn_cluster_grid_n3,NeutrophilerGranulozyt,0.075,Neu,False,True,True
76,0.1205261222452818,0.0766667704961143,0.1480773858175975,True,nn_cluster_grid_n4,NeutrophilerGranulozyt,0.075,Neu,False,True,True
76,0.1203984819642569,0.0766179518931949,0.1477188825799691,True,nn_cluster_grid_n5,NeutrophilerGranulozyt,0.075,Neu,False,True,True
76,0.1124688537284045,0.080631708787364,0.1333140979818328,True,nn_dist_global,NeutrophilerGranulozyt,0.075,Neu,False,True,True
76,0.098748196336488,0.0604114796605252,0.1096768469442146,True,nn_dist_grid_n1,NeutrophilerGranulozyt,0.075,Neu,False,True,True
76,0.1116372024675654,0.079461957953423,0.1322889532530318,True,nn_dist_grid_n2,NeutrophilerGranulozyt,0.075,Neu,False,True,True
76,0.1112743388389531,0.0797660977728564,0.1333108572312155,True,nn_dist_grid_n3,NeutrophilerGranulozyt,0.075,Neu,False,True,True
76,0.1124196096253461,0.0791792757070493,0.1330560313995545,True,nn_dist_grid_n4,NeutrophilerGranulozyt,0.075,Neu,False,True,True
76,0.1111347400407056,0.0810129519553368,0.1333201042177724,True,nn_dist_grid_n5,NeutrophilerGranulozyt,0.075,Neu,False,True,True
76,0.0873047319564758,0.0540600791110807,0.1247283337083875,True,iou_edgecrop_global,EosinophilerGranulozyt,0.075,Eos,False,True,True
76,0.0841038949895024,0.0548955418589317,0.1280661833103971,True,iou_edgecrop_grid_n1,EosinophilerGranulozyt,0.075,Eos,False,True,True
76,0.0858659513355795,0.0539956647981982,0.1242650238511973,True,iou_edgecrop_grid_n2,EosinophilerGranulozyt,0.075,Eos,False,True,True
76,0.0867990597192763,0.0547237756062575,0.1245530837696518,True,iou_edgecrop_grid_n3,EosinophilerGranulozyt,0.075,Eos,False,True,True
76,0.088700767827331,0.0533767772150004,0.1269986882911835,True,iou_edgecrop_grid_n4,EosinophilerGranulozyt,0.075,Eos,False,True,True
76,0.0866705910649208,0.0533767772150002,0.1270598669658369,True,iou_edgecrop_grid_n5,EosinophilerGranulozyt,0.075,Eos,False,True,True
76,0.1182789752445749,0.0856464399253198,0.1602297391907065,True,iou_global,EosinophilerGranulozyt,0.075,Eos,False,False,True
76,0.1084942802191877,0.0898625472680556,0.1285574471372816,True,iou_grid_n1,EosinophilerGranulozyt,0.075,Eos,False,True,True
76,0.1197124558510811,0.0892556352869471,0.1699080610183401,True,iou_grid_n2,EosinophilerGranulozyt,0.075,Eos,False,False,True
76,0.119707019202047,0.0809255324812812,0.1598499821113489,True,iou_grid_n3,EosinophilerGranulozyt,0.075,Eos,False,False,True
76,0.1184946503294832,0.0877038288493603,0.1678572579450264,True,iou_grid_n4,EosinophilerGranulozyt,0.075,Eos,False,False,True
76,0.118797400312921,0.090510157870671,0.1615229656266441,True,iou_grid_n5,EosinophilerGranulozyt,0.075,Eos,False,False,True
76,0.3355864332101776,0.2468210910438508,0.4007001121433911,False,nn_center_global,EosinophilerGranulozyt,0.075,Eos,False,False,False
76,0.2694120087539107,0.2009893533643225,0.3271628000716655,False,nn_center_grid_n1,EosinophilerGranulozyt,0.075,Eos,False,False,False
76,0.3362218224202815,0.2464487436370646,0.4011082818220512,False,nn_center_grid_n2,EosinophilerGranulozyt,0.075,Eos,False,False,False
76,0.335852788452406,0.2470701892629301,0.4009669734634267,False,nn_center_grid_n3,EosinophilerGranulozyt,0.075,Eos,False,False,False
76,0.3354983025504121,0.2469286063651981,0.4008256850700333,False,nn_center_grid_n4,EosinophilerGranulozyt,0.075,Eos,False,False,False
76,0.3356888607430566,0.246924056447839,0.4008099875918329,False,nn_center_grid_n5,EosinophilerGranulozyt,0.075,Eos,False,False,False
76,0.3580793557213182,0.2691717533510627,0.4398377982818742,False,nn_cluster_global,EosinophilerGranulozyt,0.075,Eos,False,False,False
76,0.2767580072830067,0.2249075476253681,0.3615166893950521,False,nn_cluster_grid_n1,EosinophilerGranulozyt,0.075,Eos,False,False,False
76,0.3541382044518302,0.2675388908278828,0.4360281350501614,False,nn_cluster_grid_n2,EosinophilerGranulozyt,0.075,Eos,False,False,False
76,0.3561906018782688,0.2675043837371368,0.4364993797544615,False,nn_cluster_grid_n3,EosinophilerGranulozyt,0.075,Eos,False,False,False
76,0.3566481236470689,0.2694086385362944,0.4378187301175922,False,nn_cluster_grid_n4,EosinophilerGranulozyt,0.075,Eos,False,False,False
76,0.3572972568911727,0.2679034413228173,0.4384324100139078,False,nn_cluster_grid_n5,EosinophilerGranulozyt,0.075,Eos,False,False,False
76,0.3482944017872815,0.2591084160419041,0.4280809535112801,False,nn_dist_global,EosinophilerGranulozyt,0.075,Eos,False,False,False
76,0.2737192164842157,0.2135714870573766,0.3530702294778212,False,nn_dist_grid_n1,EosinophilerGranulozyt,0.075,Eos,False,False,False
76,0.3484278953136381,0.2593036766585805,0.4282119378588378,False,nn_dist_grid_n2,EosinophilerGranulozyt,0.075,Eos,False,False,False
76,0.3484278953136384,0.2591084160419041,0.4282119378588378,False,nn_dist_grid_n3,EosinophilerGranulozyt,0.075,Eos,False,False,False
76,0.3482944017872813,0.2591084160419041,0.4280809535112801,False,nn_dist_grid_n4,EosinophilerGranulozyt,0.075,Eos,False,False,False
76,0.3484278953136384,0.2591084160419041,0.4282119378588378,False,nn_dist_grid_n5,EosinophilerGranulozyt,0.075,Eos,False,False,False
76,-0.2811358549310909,-0.3025917985141592,-0.2578630032585652,False,iou_edgecrop_global,Makrophage,0.1,Mac,False,False,False
76,-0.3224997132108612,-0.3530957365632798,-0.3081998845428534,False,iou_edgecrop_grid_n1,Makrophage,0.1,Mac,False,False,False
76,-0.2812894502802787,-0.3025917985141592,-0.2574080411832894,False,iou_edgecrop_grid_n2,Makrophage,0.1,Mac,False,False,False
76,-0.2813083278495868,-0.3026301663465731,-0.2575594301775987,False,iou_edgecrop_grid_n3,Makrophage,0.1,Mac,False,False,False
76,-0.2814971310879652,-0.3024550795596502,-0.2573319463691143,False,iou_edgecrop_grid_n4,Makrophage,0.1,Mac,False,False,False
76,-0.2814971310879652,-0.3024550795596502,-0.2574080411832894,False,iou_edgecrop_grid_n5,Makrophage,0.1,Mac,False,False,False
76,-0.0567954314677351,-0.0773213599697582,-0.0450251788915272,True,iou_global,Makrophage,0.1,Mac,True,True,True
76,-0.0642589640014889,-0.0887178124196508,-0.0535249143199726,True,iou_grid_n1,Makrophage,0.1,Mac,True,True,True
76,-0.0595073436891152,-0.082550422306433,-0.047239776719361,True,iou_grid_n2,Makrophage,0.1,Mac,True,True,True
76,-0.058114650783975,-0.0809359568623381,-0.0474929017616463,True,iou_grid_n3,Makrophage,0.1,Mac,True,True,True
76,-0.0576039152681819,-0.0788408068719193,-0.0460650993549683,True,iou_grid_n4,Makrophage,0.1,Mac,True,True,True
76,-0.0573627209770485,-0.0792078563480174,-0.0461155373812287,True,iou_grid_n5,Makrophage,0.1,Mac,True,True,True
76,-0.1625548396023302,-0.1819338124842929,-0.1420681034909464,True,nn_center_global,Makrophage,0.1,Mac,False,False,True
76,-0.0945419383103863,-0.1204272063184,-0.075821844187698,True,nn_center_grid_n1,Makrophage,0.1,Mac,False,True,True
76,-0.1682898789152779,-0.1861355698612384,-0.1450987688387596,True,nn_center_grid_n2,Makrophage,0.1,Mac,False,False,True
76,-0.1655481892822971,-0.1840950532718563,-0.1437974041902056,True,nn_center_grid_n3,Makrophage,0.1,Mac,False,False,True
76,-0.164958533518569,-0.1836138286274066,-0.1436487803991147,True,nn_center_grid_n4,Makrophage,0.1,Mac,False,False,True
76,-0.1645746393493639,-0.1831265459258568,-0.1430543219696092,True,nn_center_grid_n5,Makrophage,0.1,Mac,False,False,True
76,0.0018212741896147,-0.024923725084721,0.0302982477737941,True,nn_cluster_global,Makrophage,0.1,Mac,True,True,True
76,-0.0558726477252138,-0.0821430773005752,-0.0327469928267743,True,nn_cluster_grid_n1,Makrophage,0.1,Mac,True,True,True
76,0.0118856144845995,-0.0154893472287762,0.0396829140330826,True,nn_cluster_grid_n2,Makrophage,0.1,Mac,True,True,True
76,0.0073406603916126,-0.0206665990351068,0.0341577703135802,True,nn_cluster_grid_n3,Makrophage,0.1,Mac,True,True,True
76,0.0056627095853242,-0.0217694874838662,0.0335666956480343,True,nn_cluster_grid_n4,Makrophage,0.1,Mac,True,True,True
76,0.0045308664130003,-0.0231068681660727,0.0326953796783084,True,nn_cluster_grid_n5,Makrophage,0.1,Mac,True,True,True
76,0.0231010173211466,-0.0066770320554057,0.0449636844731766,True,nn_dist_global,Makrophage,0.1,Mac,True,True,True
76,-0.0597617517446356,-0.0851124622535463,-0.0416677757183948,True,nn_dist_grid_n1,Makrophage,0.1,Mac,True,True,True
76,0.0190298662705839,-0.010334491175436,0.0405512585870526,True,nn_dist_grid_n2,Makrophage,0.1,Mac,True,True,True
76,0.0209957968305339,-0.0089743718770125,0.0429305250725033,True,nn_dist_grid_n3,Makrophage,0.1,Mac,True,True,True
76,0.0215892828301587,-0.008059863490322,0.0427040750402667,True,nn_dist_grid_n4,Makrophage,0.1,Mac,True,True,True
76,0.0222039997877439,-0.0076671646190904,0.0442872937049323,True,nn_dist_grid_n5,Makrophage,0.1,Mac,True,True,True
76,0.0610094526248001,0.0416572638029708,0.0738108053104251,True,iou_edgecrop_global,NeutrophilerGranulozyt,0.1,Neu,True,True,True
76,0.0240158452237433,0.0109319012564025,0.0469552619739842,True,iou_edgecrop_grid_n1,NeutrophilerGranulozyt,0.1,Neu,True,True,True
76,0.0603230282623599,0.0414846118675535,0.0753298378884221,True,iou_edgecrop_grid_n2,NeutrophilerGranulozyt,0.1,Neu,True,True,True
76,0.0600739775796561,0.0419937464012151,0.0752323687249214,True,iou_edgecrop_grid_n3,NeutrophilerGranulozyt,0.1,Neu,True,True,True
76,0.0605468724488245,0.0412659521934016,0.0748924854921295,True,iou_edgecrop_grid_n4,NeutrophilerGranulozyt,0.1,Neu,True,True,True
76,0.0601220080451657,0.0410633039771379,0.0748972623904055,True,iou_edgecrop_grid_n5,NeutrophilerGranulozyt,0.1,Neu,True,True,True
76,0.0666400250149112,0.0498186783220814,0.0866991164545846,True,iou_global,NeutrophilerGranulozyt,0.1,Neu,True,True,True
76,0.060064839941147,0.0497644267979261,0.0903917427675846,True,iou_grid_n1,NeutrophilerGranulozyt,0.1,Neu,True,True,True
76,0.0656930339449769,0.0496960166388305,0.0878831937822323,True,iou_grid_n2,NeutrophilerGranulozyt,0.1,Neu,True,True,True
76,0.0649613940330728,0.0515586435285707,0.087191979466802,True,iou_grid_n3,NeutrophilerGranulozyt,0.1,Neu,True,True,True
76,0.0654624928026172,0.0513017564179565,0.0874482122939228,True,iou_grid_n4,NeutrophilerGranulozyt,0.1,Neu,True,True,True
76,0.0650011487407584,0.0509252544783115,0.0874044815080408,True,iou_grid_n5,NeutrophilerGranulozyt,0.1,Neu,True,True,True
76,0.0864859064177513,0.064759348223349,0.1067766883743694,True,nn_center_global,NeutrophilerGranulozyt,0.1,Neu,False,True,True
76,0.0773624602039049,0.0493825081790242,0.1092108738426627,True,nn_center_grid_n1,NeutrophilerGranulozyt,0.1,Neu,False,True,True
76,0.0866165937272792,0.0619662402704011,0.1070099481181861,True,nn_center_grid_n2,NeutrophilerGranulozyt,0.1,Neu,False,True,True
76,0.0868216885970282,0.0614997600570943,0.1070259613334168,True,nn_center_grid_n3,NeutrophilerGranulozyt,0.1,Neu,False,True,True
76,0.0863194754188143,0.0639437521672686,0.1067766883743694,True,nn_center_grid_n4,NeutrophilerGranulozyt,0.1,Neu,False,True,True
76,0.0867429619974468,0.062902782598171,0.1067766883743692,True,nn_center_grid_n5,NeutrophilerGranulozyt,0.1,Neu,False,True,True
76,0.1205623491652172,0.0755381833041966,0.140182744137483,True,nn_cluster_global,NeutrophilerGranulozyt,0.1,Neu,False,True,True
76,0.1026140059946814,0.0535086718134165,0.1215420753778886,True,nn_cluster_grid_n1,NeutrophilerGranulozyt,0.1,Neu,False,True,True
76,0.1182879381404631,0.0769508251429961,0.1362529707766395,True,nn_cluster_grid_n2,NeutrophilerGranulozyt,0.1,Neu,False,True,True
76,0.1189772369817609,0.0764111409179305,0.1374708004467228,True,nn_cluster_grid_n3,NeutrophilerGranulozyt,0.1,Neu,False,True,True
76,0.1199269334382295,0.0761318291361269,0.1384890006667407,True,nn_cluster_grid_n4,NeutrophilerGranulozyt,0.1,Neu,False,True,True
76,0.1202263346447805,0.0757859218924312,0.1389723946138081,True,nn_cluster_grid_n5,NeutrophilerGranulozyt,0.1,Neu,False,True,True
76,0.1098339326600259,0.078975001050233,0.1285601027960658,True,nn_dist_global,NeutrophilerGranulozyt,0.1,Neu,False,True,True
76,0.097866411783105,0.0500074512480006,0.1147929726338536,True,nn_dist_grid_n1,NeutrophilerGranulozyt,0.1,Neu,False,True,True
76,0.1096978363942495,0.0749965043776229,0.1287207856232371,True,nn_dist_grid_n2,NeutrophilerGranulozyt,0.1,Neu,False,True,True
76,0.1098677663446625,0.0780386790701206,0.1288962447419707,True,nn_dist_grid_n3,NeutrophilerGranulozyt,0.1,Neu,False,True,True
76,0.1098628764741992,0.0783095788369967,0.1286258414690962,True,nn_dist_grid_n4,NeutrophilerGranulozyt,0.1,Neu,False,True,True
76,0.1099040707374935,0.0786230276097054,0.1286289642020589,True,nn_dist_grid_n5,NeutrophilerGranulozyt,0.1,Neu,False,True,True
76,0.0943977640833018,0.0632139681870236,0.1315485925045854,True,iou_edgecrop_global,EosinophilerGranulozyt,0.1,Eos,False,True,True
76,0.0684940300793059,0.0478343871603046,0.1044897959358979,True,iou_edgecrop_grid_n1,EosinophilerGranulozyt,0.1,Eos,False,True,True
76,0.0943977640833018,0.0616799623337982,0.1342602904061347,True,iou_edgecrop_grid_n2,EosinophilerGranulozyt,0.1,Eos,False,True,True
76,0.0955836410069994,0.0617509001824467,0.135107943186824,True,iou_edgecrop_grid_n3,EosinophilerGranulozyt,0.1,Eos,False,True,True
76,0.0976597669435852,0.061650078485532,0.1317965626021622,True,iou_edgecrop_grid_n4,EosinophilerGranulozyt,0.1,Eos,False,True,True
76,0.0985556496370112,0.0647132211352768,0.1345517055700471,True,iou_edgecrop_grid_n5,EosinophilerGranulozyt,0.1,Eos,False,True,True
76,0.1262287309647147,0.1071714364577851,0.1688749633373598,True,iou_global,EosinophilerGranulozyt,0.1,Eos,False,False,True
76,0.1148117441898834,0.0851809946359987,0.1330534042858628,True,iou_grid_n1,EosinophilerGranulozyt,0.1,Eos,False,True,True
76,0.12805253245073,0.1072979269354503,0.167262812769902,True,iou_grid_n2,EosinophilerGranulozyt,0.1,Eos,False,False,True
76,0.1285247961463991,0.1085961147476484,0.1700763325497565,True,iou_grid_n3,EosinophilerGranulozyt,0.1,Eos,False,False,True
76,0.1297043989139861,0.1065811646088281,0.1647877580928107,True,iou_grid_n4,EosinophilerGranulozyt,0.1,Eos,False,False,True
76,0.1318546688757167,0.1075093351911353,0.1664130808314131,True,iou_grid_n5,EosinophilerGranulozyt,0.1,Eos,False,False,True
76,0.3403231182721282,0.2608809802126219,0.4282271210911545,False,nn_center_global,EosinophilerGranulozyt,0.1,Eos,False,False,False
76,0.272010732441923,0.2016683868044642,0.3439675320665325,False,nn_center_grid_n1,EosinophilerGranulozyt,0.1,Eos,False,False,False
76,0.3406837710692996,0.2611329674937164,0.4286200638444519,False,nn_center_grid_n2,EosinophilerGranulozyt,0.1,Eos,False,False,False
76,0.3405034121531045,0.2610412788385802,0.4286200638444519,False,nn_center_grid_n3,EosinophilerGranulozyt,0.1,Eos,False,False,False
76,0.3404583325876411,0.2610467531646814,0.4282271210911545,False,nn_center_grid_n4,EosinophilerGranulozyt,0.1,Eos,False,False,False
76,0.3403231182721282,0.2610319347311055,0.4280699872127673,False,nn_center_grid_n5,EosinophilerGranulozyt,0.1,Eos,False,False,False
76,0.3598217762655973,0.2949299843292381,0.4751713273352878,False,nn_cluster_global,EosinophilerGranulozyt,0.1,Eos,False,False,False
76,0.2828692489126128,0.2262251127542467,0.3752940814459289,False,nn_cluster_grid_n1,EosinophilerGranulozyt,0.1,Eos,False,False,False
76,0.3551447063979647,0.2869804161309268,0.4713611567480344,False,nn_cluster_grid_n2,EosinophilerGranulozyt,0.1,Eos,False,False,False
76,0.3569125905848003,0.2903208842870808,0.4730915546018379,False,nn_cluster_grid_n3,EosinophilerGranulozyt,0.1,Eos,False,False,False
76,0.3578180145902863,0.2916096882145078,0.4736517289699353,False,nn_cluster_grid_n4,EosinophilerGranulozyt,0.1,Eos,False,False,False
76,0.3583577305258116,0.2925903902128566,0.4745161265863307,False,nn_cluster_grid_n5,EosinophilerGranulozyt,0.1,Eos,False,False,False
76,0.3472839983987317,0.276284740741078,0.4605676074288157,False,nn_dist_global,EosinophilerGranulozyt,0.1,Eos,False,False,False
76,0.2772301831662944,0.2188435277126497,0.3726306864983293,False,nn_dist_grid_n1,EosinophilerGranulozyt,0.1,Eos,False,False,False
76,0.3480954341815583,0.2768043616099327,0.4609338018986502,False,nn_dist_grid_n2,EosinophilerGranulozyt,0.1,Eos,False,False,False
76,0.3475065668422019,0.2764182520903357,0.460744957988856,False,nn_dist_grid_n3,EosinophilerGranulozyt,0.1,Eos,False,False,False
76,0.3474212918873065,0.2765244815017786,0.4606278820197469,False,nn_dist_grid_n4,EosinophilerGranulozyt,0.1,Eos,False,False,False
76,0.3475523271497431,0.2765378353109535,0.4606296662014502,False,nn_dist_grid_n5,EosinophilerGranulozyt,0.1,Eos,False,False,False
76,-0.1947768116338425,-0.2185002597707803,-0.1725223474397725,False,iou_edgecrop_global,Makrophage,0.15,Mac,False,False,False
76,-0.3305013439800763,-0.3539330880443814,-0.3054640839901019,False,iou_edgecrop_grid_n1,Makrophage,0.15,Mac,False,False,False
76,-0.1948347806600865,-0.2183755637172486,-0.172614937471821,False,iou_edgecrop_grid_n2,Makrophage,0.15,Mac,False,False,False
76,-0.1947842399519544,-0.2188632530678484,-0.1725287849111525,False,iou_edgecrop_grid_n3,Makrophage,0.15,Mac,False,False,False
76,-0.1946714438942412,-0.2186865868573201,-0.1726585361910625,False,iou_edgecrop_grid_n4,Makrophage,0.15,Mac,False,False,False
76,-0.1948046520525697,-0.2183139209371397,-0.1727068248544525,False,iou_edgecrop_grid_n5,Makrophage,0.15,Mac,False,False,False
76,-0.0567425225057993,-0.0886713938991615,-0.0433231838035942,True,iou_global,Makrophage,0.15,Mac,True,True,True
76,-0.0649247322448469,-0.0951664099281321,-0.0540937213133567,True,iou_grid_n1,Makrophage,0.15,Mac,True,True,True
76,-0.0596309467427781,-0.0922751518040383,-0.0470414254217497,True,iou_grid_n2,Makrophage,0.15,Mac,True,True,True
76,-0.0582880605355774,-0.0907587165740512,-0.0453343048635399,True,iou_grid_n3,Makrophage,0.15,Mac,True,True,True
76,-0.0576915472322765,-0.0905460019186424,-0.0447243534595117,True,iou_grid_n4,Makrophage,0.15,Mac,True,True,True
76,-0.0576400645268499,-0.0887871113156132,-0.0443103268402663,True,iou_grid_n5,Makrophage,0.15,Mac,True,True,True
76,-0.1612855544188726,-0.190080094240407,-0.1384453055071954,True,nn_center_global,Makrophage,0.15,Mac,False,False,True
76,-0.0953564633962966,-0.1219981034624527,-0.0757923299318698,True,nn_center_grid_n1,Makrophage,0.15,Mac,False,True,True
76,-0.1651983677680804,-0.1929619183475409,-0.1407818045439986,True,nn_center_grid_n2,Makrophage,0.15,Mac,False,False,True
76,-0.1634374935585228,-0.1918556721426528,-0.1394312975342924,True,nn_center_grid_n3,Makrophage,0.15,Mac,False,False,True
76,-0.1628300744587693,-0.191148781488234,-0.1394464902930812,True,nn_center_grid_n4,Makrophage,0.15,Mac,False,False,True
76,-0.1624011707246622,-0.1906403205778266,-0.1391402784967637,True,nn_center_grid_n5,Makrophage,0.15,Mac,False,False,True
76,0.0001720872847088,-0.0300511811270163,0.0344295691088373,True,nn_cluster_global,Makrophage,0.15,Mac,True,True,True
76,-0.0540168947328319,-0.0872463453459372,-0.0315380287709489,True,nn_cluster_grid_n1,Makrophage,0.15,Mac,True,True,True
76,0.0080568643221471,-0.0217054697678389,0.0443688022110093,True,nn_cluster_grid_n2,Makrophage,0.15,Mac,True,True,True
76,0.0041922697735123,-0.0262996491278361,0.0398721408391365,True,nn_cluster_grid_n3,Makrophage,0.15,Mac,True,True,True
76,0.0029439428425481,-0.0272353018209143,0.0377386031392106,True,nn_cluster_grid_n4,Makrophage,0.15,Mac,True,True,True
76,0.0021445643884527,-0.0285278896577797,0.0370546776363936,True,nn_cluster_grid_n5,Makrophage,0.15,Mac,True,True,True
76,0.020785480158909,-0.0110972578960777,0.047320479335728,True,nn_dist_global,Makrophage,0.15,Mac,True,True,True
76,-0.0576527746285611,-0.0890177450931534,-0.0399458095769053,True,nn_dist_grid_n1,Makrophage,0.15,Mac,True,True,True
76,0.0152459369389595,-0.0171138771222845,0.0411889406573919,True,nn_dist_grid_n2,Makrophage,0.15,Mac,True,True,True
76,0.0182459264921834,-0.0142895953332297,0.0441181248840267,True,nn_dist_grid_n3,Makrophage,0.15,Mac,True,True,True
76,0.0188888166964285,-0.0131391873870365,0.0452339255266079,True,nn_dist_grid_n4,Makrophage,0.15,Mac,True,True,True
76,0.0193976934515647,-0.0126242036303071,0.0455447605456184,True,nn_dist_grid_n5,Makrophage,0.15,Mac,True,True,True
76,0.0837787805752551,0.0667555081487449,0.101440628186379,True,iou_edgecrop_global,NeutrophilerGranulozyt,0.15,Neu,False,True,True
76,0.0313230377679285,0.0100585510992171,0.0511700649112525,True,iou_edgecrop_grid_n1,NeutrophilerGranulozyt,0.15,Neu,True,True,True
76,0.0835285929293044,0.0663963965413172,0.1018923733700266,True,iou_edgecrop_grid_n2,NeutrophilerGranulozyt,0.15,Neu,False,True,True
76,0.0845884387779771,0.0669222971582237,0.1015920644247405,True,iou_edgecrop_grid_n3,NeutrophilerGranulozyt,0.15,Neu,False,True,True
76,0.0837876142149977,0.0658707723505034,0.1022156463408979,True,iou_edgecrop_grid_n4,NeutrophilerGranulozyt,0.15,Neu,False,True,True
76,0.0853430379595324,0.0669222971582237,0.1018548240468349,True,iou_edgecrop_grid_n5,NeutrophilerGranulozyt,0.15,Neu,False,True,True
76,0.0782725207373598,0.0600143921292415,0.0961394028335049,True,iou_global,NeutrophilerGranulozyt,0.15,Neu,True,True,True
76,0.0689389401244044,0.0494020828119678,0.0885010183422914,True,iou_grid_n1,NeutrophilerGranulozyt,0.15,Neu,True,True,True
76,0.0788838429158111,0.0626270258369253,0.0972422253493615,True,iou_grid_n2,NeutrophilerGranulozyt,0.15,Neu,True,True,True
76,0.0775779712457622,0.0607695194633164,0.0963039373587024,True,iou_grid_n3,NeutrophilerGranulozyt,0.15,Neu,True,True,True
76,0.075891906607032,0.060567886233477,0.0967016312751873,True,iou_grid_n4,NeutrophilerGranulozyt,0.15,Neu,True,True,True
76,0.0773397814834173,0.0603894732277368,0.097336952310601,True,iou_grid_n5,NeutrophilerGranulozyt,0.15,Neu,True,True,True
76,0.1017872431130533,0.0778393966497881,0.1195630420421381,True,nn_center_global,NeutrophilerGranulozyt,0.15,Neu,False,True,True
76,0.0826157198766065,0.054696780246927,0.1057479525497828,True,nn_center_grid_n1,NeutrophilerGranulozyt,0.15,Neu,False,True,True
76,0.1011531880106466,0.0776308008332166,0.1180967132333885,True,nn_center_grid_n2,NeutrophilerGranulozyt,0.15,Neu,False,True,True
76,0.1013880771925946,0.0774541628020452,0.119048326769547,True,nn_center_grid_n3,NeutrophilerGranulozyt,0.15,Neu,False,True,True
76,0.1018362483950746,0.0779145952699471,0.1192384889063933,True,nn_center_grid_n4,NeutrophilerGranulozyt,0.15,Neu,False,True,True
76,0.1013577082227995,0.0777110346318853,0.118989340159439,True,nn_center_grid_n5,NeutrophilerGranulozyt,0.15,Neu,False,True,True
76,0.1304246870076814,0.1013557953311719,0.1505031596718367,True,nn_cluster_global,NeutrophilerGranulozyt,0.15,Neu,False,False,True
76,0.1075203394230297,0.0604269090955674,0.1241726953837996,True,nn_cluster_grid_n1,NeutrophilerGranulozyt,0.15,Neu,False,True,True
76,0.1283708273680128,0.1001985434825978,0.1473655533830411,True,nn_cluster_grid_n2,NeutrophilerGranulozyt,0.15,Neu,False,True,True
76,0.1299449556204357,0.1002505551612625,0.1487600473170091,True,nn_cluster_grid_n3,NeutrophilerGranulozyt,0.15,Neu,False,True,True
76,0.1293292558392671,0.1007967322952595,0.1497713549197226,True,nn_cluster_grid_n4,NeutrophilerGranulozyt,0.15,Neu,False,True,True
76,0.1300048968780751,0.100983596570285,0.149424434409927,True,nn_cluster_grid_n5,NeutrophilerGranulozyt,0.15,Neu,False,True,True
76,0.1237963611049617,0.0913564961352385,0.1343257166037805,True,nn_dist_global,NeutrophilerGranulozyt,0.15,Neu,False,True,True
76,0.1016750456158961,0.0583830432683349,0.1157013093111261,True,nn_dist_grid_n1,NeutrophilerGranulozyt,0.15,Neu,False,True,True
76,0.1230162207509104,0.0908388042906427,0.1319691321475344,True,nn_dist_grid_n2,NeutrophilerGranulozyt,0.15,Neu,False,True,True
76,0.123837781185496,0.0910648202224435,0.1319515767165053,True,nn_dist_grid_n3,NeutrophilerGranulozyt,0.15,Neu,False,True,True
76,0.1238948556539859,0.0913069187089005,0.1324841085549408,True,nn_dist_grid_n4,NeutrophilerGranulozyt,0.15,Neu,False,True,True
76,0.1238150277137455,0.0912275221227868,0.1322873039774776,True,nn_dist_grid_n5,NeutrophilerGranulozyt,0.15,Neu,False,True,True
76,0.1292363553669027,0.1010745095315606,0.155699207708209,True,iou_edgecrop_global,EosinophilerGranulozyt,0.15,Eos,False,False,True
76,0.1058862944951276,0.0742999651267788,0.1318561361829628,True,iou_edgecrop_grid_n1,EosinophilerGranulozyt,0.15,Eos,False,True,True
76,0.1252970147123544,0.1069396289839588,0.1561045682451765,True,iou_edgecrop_grid_n2,EosinophilerGranulozyt,0.15,Eos,False,False,True
76,0.1284560459243886,0.1065218326693708,0.1548428611725995,True,iou_edgecrop_grid_n3,EosinophilerGranulozyt,0.15,Eos,False,False,True
76,0.1335673755033524,0.1055863150478095,0.1614057971905349,True,iou_edgecrop_grid_n4,EosinophilerGranulozyt,0.15,Eos,False,False,True
76,0.1175541254049445,0.1009815511303777,0.1557976847525978,True,iou_edgecrop_grid_n5,EosinophilerGranulozyt,0.15,Eos,False,False,True
76,0.1327562658686325,0.1147825404452222,0.1738722878445542,True,iou_global,EosinophilerGranulozyt,0.15,Eos,False,False,True
76,0.1265909243388633,0.0950163256029195,0.1607039453786081,True,iou_grid_n1,EosinophilerGranulozyt,0.15,Eos,False,False,True
76,0.1368964593843138,0.1155992021048048,0.1693593588768194,True,iou_grid_n2,EosinophilerGranulozyt,0.15,Eos,False,False,True
76,0.1335891288890002,0.1150557815534591,0.1659365445063538,True,iou_grid_n3,EosinophilerGranulozyt,0.15,Eos,False,False,True
76,0.1330605753256766,0.1139109553633836,0.1634763604290445,True,iou_grid_n4,EosinophilerGranulozyt,0.15,Eos,False,False,True
76,0.1314827916274978,0.1157956941361506,0.167194186363782,True,iou_grid_n5,EosinophilerGranulozyt,0.15,Eos,False,False,True
76,0.3893328065320602,0.2622600957716386,0.4508588833844231,False,nn_center_global,EosinophilerGranulozyt,0.15,Eos,False,False,False
76,0.3001797499636478,0.2073138758391606,0.3418254254930651,False,nn_center_grid_n1,EosinophilerGranulozyt,0.15,Eos,False,False,False
76,0.3896998690683315,0.2624886672041906,0.4516701330857824,False,nn_center_grid_n2,EosinophilerGranulozyt,0.15,Eos,False,False,False
76,0.3893328065320602,0.2622042267286172,0.4513523213133998,False,nn_center_grid_n3,EosinophilerGranulozyt,0.15,Eos,False,False,False
76,0.389728493656861,0.2622600957716385,0.4511021508374422,False,nn_center_grid_n4,EosinophilerGranulozyt,0.15,Eos,False,False,False
76,0.3893614229292634,0.2622042267286174,0.4510144168711756,False,nn_center_grid_n5,EosinophilerGranulozyt,0.15,Eos,False,False,False
76,0.4308116680565068,0.3130624544604801,0.4860692123819876,False,nn_cluster_global,EosinophilerGranulozyt,0.15,Eos,False,False,False
76,0.3124826777603022,0.2397780052291389,0.3755857882142914,False,nn_cluster_grid_n1,EosinophilerGranulozyt,0.15,Eos,False,False,False
76,0.4250415606909579,0.3056686840322808,0.4821160770862609,False,nn_cluster_grid_n2,EosinophilerGranulozyt,0.15,Eos,False,False,False
76,0.427804628429707,0.309407372648447,0.4840430495310444,False,nn_cluster_grid_n3,EosinophilerGranulozyt,0.15,Eos,False,False,False
76,0.4288290148800691,0.3108813876082994,0.4846173958560658,False,nn_cluster_grid_n4,EosinophilerGranulozyt,0.15,Eos,False,False,False
76,0.4293134821569944,0.3113699569735146,0.4852389470491909,False,nn_cluster_grid_n5,EosinophilerGranulozyt,0.15,Eos,False,False,False
76,0.4057120595642307,0.2802344878137948,0.4673844000545173,False,nn_dist_global,EosinophilerGranulozyt,0.15,Eos,False,False,False
76,0.3064950701693694,0.2267132419375044,0.3655577334483768,False,nn_dist_grid_n1,EosinophilerGranulozyt,0.15,Eos,False,False,False
76,0.4059243175529017,0.2805821431430668,0.4676258556093571,False,nn_dist_grid_n2,EosinophilerGranulozyt,0.15,Eos,False,False,False
76,0.4057684628048783,0.2805546222793187,0.4674950440027448,False,nn_dist_grid_n3,EosinophilerGranulozyt,0.15,Eos,False,False,False
76,0.4057308440563563,0.2804584950615922,0.4674270973804573,False,nn_dist_grid_n4,EosinophilerGranulozyt,0.15,Eos,False,False,False
76,0.4056126337596888,0.2803172866788077,0.4673164473108495,False,nn_dist_grid_n5,EosinophilerGranulozyt,0.15,Eos,False,False,False
76,-0.1682901727386493,-0.1898536396528999,-0.1503170806535093,True,iou_edgecrop_global,Makrophage,0.2,Mac,False,False,True
76,-0.3219324693252344,-0.3462544242150348,-0.3056326633312632,False,iou_edgecrop_grid_n1,Makrophage,0.2,Mac,False,False,False
76,-0.1685641813712144,-0.1899450437534352,-0.1504008164102961,True,iou_edgecrop_grid_n2,Makrophage,0.2,Mac,False,False,True
76,-0.1683519736163006,-0.1897718770823334,-0.150541888552147,True,iou_edgecrop_grid_n3,Makrophage,0.2,Mac,False,False,True
76,-0.1683815148410883,-0.1899871409806723,-0.1506028400367853,True,iou_edgecrop_grid_n4,Makrophage,0.2,Mac,False,False,True
76,-0.1684728510512453,-0.1898990333933619,-0.1504099225440368,True,iou_edgecrop_grid_n5,Makrophage,0.2,Mac,False,False,True
76,-0.0564052500420245,-0.0833744203903245,-0.0425738858375357,True,iou_global,Makrophage,0.2,Mac,True,True,True
76,-0.0662077918201461,-0.0969038944117776,-0.0544549261890349,True,iou_grid_n1,Makrophage,0.2,Mac,True,True,True
76,-0.0601698275175142,-0.0870436620572728,-0.0455557158594801,True,iou_grid_n2,Makrophage,0.2,Mac,True,True,True
76,-0.0589943788859572,-0.0867891795121533,-0.0437238783480249,True,iou_grid_n3,Makrophage,0.2,Mac,True,True,True
76,-0.0581332186926544,-0.0850018531709402,-0.042885578678707,True,iou_grid_n4,Makrophage,0.2,Mac,True,True,True
76,-0.0575104807320798,-0.0851240918431584,-0.043484967375603,True,iou_grid_n5,Makrophage,0.2,Mac,True,True,True
76,-0.1676410653710233,-0.1906105999402531,-0.1472814308534076,True,nn_center_global,Makrophage,0.2,Mac,False,False,True
76,-0.098873171471178,-0.1278272909105092,-0.0771892746180796,True,nn_center_grid_n1,Makrophage,0.2,Mac,False,True,True
76,-0.171576691413063,-0.1935648115280708,-0.1509722690721748,True,nn_center_grid_n2,Makrophage,0.2,Mac,False,False,True
76,-0.1699055044607746,-0.1924711873997917,-0.149041508820896,True,nn_center_grid_n3,Makrophage,0.2,Mac,False,False,True
76,-0.1692220289812959,-0.1920014075755047,-0.1494426952025875,True,nn_center_grid_n4,Makrophage,0.2,Mac,False,False,True
76,-0.1686892075024925,-0.1914247971277511,-0.1480727197046616,True,nn_center_grid_n5,Makrophage,0.2,Mac,False,False,True
76,0.0007313433965289,-0.0293146223726984,0.0321099562359967,True,nn_cluster_global,Makrophage,0.2,Mac,True,True,True
76,-0.0586150315142248,-0.0983302662394716,-0.0340765326028687,True,nn_cluster_grid_n1,Makrophage,0.2,Mac,True,True,True
76,0.0101648347010572,-0.0199331880431894,0.0399677652307385,True,nn_cluster_grid_n2,Makrophage,0.2,Mac,True,True,True
76,0.0055757572144473,-0.0250427178821298,0.0362087466701451,True,nn_cluster_grid_n3,Makrophage,0.2,Mac,True,True,True
76,0.003827572939165,-0.0264648405163943,0.0347626151008384,True,nn_cluster_grid_n4,Makrophage,0.2,Mac,True,True,True
76,0.0029218057631749,-0.0274601949714982,0.0340131888163388,True,nn_cluster_grid_n5,Makrophage,0.2,Mac,True,True,True
76,0.0217364528526008,-0.0088332090344126,0.0526645394245027,True,nn_dist_global,Makrophage,0.2,Mac,True,True,True
76,-0.0637277422281399,-0.1029319615370841,-0.0419504470795297,True,nn_dist_grid_n1,Makrophage,0.2,Mac,False,True,True
76,0.0157222092225141,-0.0149836537479051,0.0457161298501152,True,nn_dist_grid_n2,Makrophage,0.2,Mac,True,True,True
76,0.0185284172112849,-0.0119864127565653,0.0492374219586444,True,nn_dist_grid_n3,Makrophage,0.2,Mac,True,True,True
76,0.019706581694135,-0.0106290503297815,0.0504356629173572,True,nn_dist_grid_n4,Makrophage,0.2,Mac,True,True,True
76,0.0199713483791189,-0.0101983373205365,0.0507042157600249,True,nn_dist_grid_n5,Makrophage,0.2,Mac,True,True,True
76,0.0723630217748487,0.0572586455109939,0.0950963129500528,True,iou_edgecrop_global,NeutrophilerGranulozyt,0.2,Neu,True,True,True
76,0.0224610241703425,0.0121143557510472,0.0466054119042594,True,iou_edgecrop_grid_n1,NeutrophilerGranulozyt,0.2,Neu,True,True,True
76,0.0705281813883607,0.0571865625536741,0.095583398389027,True,iou_edgecrop_grid_n2,NeutrophilerGranulozyt,0.2,Neu,True,True,True
76,0.0728100437497689,0.0574562583058803,0.0952463842341944,True,iou_edgecrop_grid_n3,NeutrophilerGranulozyt,0.2,Neu,True,True,True
76,0.0715342419551801,0.0571292278424675,0.0953210551689092,True,iou_edgecrop_grid_n4,NeutrophilerGranulozyt,0.2,Neu,True,True,True
76,0.0707256984100195,0.0588441466972895,0.095380394823016,True,iou_edgecrop_grid_n5,NeutrophilerGranulozyt,0.2,Neu,True,True,True
76,0.0628279732778938,0.044883148553362,0.0882232228121654,True,iou_global,NeutrophilerGranulozyt,0.2,Neu,True,True,True
76,0.0606846617456158,0.0485239810116578,0.0829271726398241,True,iou_grid_n1,NeutrophilerGranulozyt,0.2,Neu,True,True,True
76,0.0637332749401909,0.0454231180837019,0.0888491681483571,True,iou_grid_n2,NeutrophilerGranulozyt,0.2,Neu,True,True,True
76,0.0619114151100295,0.0452864628212633,0.0888578842724696,True,iou_grid_n3,NeutrophilerGranulozyt,0.2,Neu,True,True,True
76,0.0626950933184377,0.0463225864831062,0.0878934450048475,True,iou_grid_n4,NeutrophilerGranulozyt,0.2,Neu,True,True,True
76,0.0640753463936855,0.0436790363435694,0.0887674590560091,True,iou_grid_n5,NeutrophilerGranulozyt,0.2,Neu,True,True,True
76,0.0889015393205248,0.0589442751941132,0.1188348831334846,True,nn_center_global,NeutrophilerGranulozyt,0.2,Neu,False,True,True
76,0.0782396564803837,0.0507666585854642,0.1000065673228367,True,nn_center_grid_n1,NeutrophilerGranulozyt,0.2,Neu,False,True,True
76,0.0845684626557222,0.0591441952287639,0.1171300635178878,True,nn_center_grid_n2,NeutrophilerGranulozyt,0.2,Neu,False,True,True
76,0.089195406534982,0.0589942477092715,0.1166611303322726,True,nn_center_grid_n3,NeutrophilerGranulozyt,0.2,Neu,False,True,True
76,0.0890908338739626,0.0588059597872383,0.1190692947613749,True,nn_center_grid_n4,NeutrophilerGranulozyt,0.2,Neu,False,True,True
76,0.0891304127546923,0.0588943076729604,0.1193037613509599,True,nn_center_grid_n5,NeutrophilerGranulozyt,0.2,Neu,False,True,True
76,0.1246811632610847,0.062329014638314,0.1573432845853253,True,nn_cluster_global,NeutrophilerGranulozyt,0.2,Neu,False,False,True
76,0.1043914460360797,0.0567525452907899,0.118594976962393,True,nn_cluster_grid_n1,NeutrophilerGranulozyt,0.2,Neu,False,True,True
76,0.1253277139492398,0.0637747734872666,0.1534443059814219,True,nn_cluster_grid_n2,NeutrophilerGranulozyt,0.2,Neu,False,False,True
76,0.124361051474205,0.0622638169167617,0.155730986485868,True,nn_cluster_grid_n3,NeutrophilerGranulozyt,0.2,Neu,False,False,True
76,0.1248521760020578,0.0622914129142023,0.155968126180378,True,nn_cluster_grid_n4,NeutrophilerGranulozyt,0.2,Neu,False,False,True
76,0.1250453011190276,0.0622835252346921,0.1562904029104501,True,nn_cluster_grid_n5,NeutrophilerGranulozyt,0.2,Neu,False,False,True
76,0.1201561803575437,0.0658720681114834,0.1362018497938563,True,nn_dist_global,NeutrophilerGranulozyt,0.2,Neu,False,True,True
76,0.0990435369464957,0.0543066566886466,0.1071434029392449,True,nn_dist_grid_n1,NeutrophilerGranulozyt,0.2,Neu,False,True,True
76,0.1177727363045375,0.065694669151278,0.1363515936556274,True,nn_dist_grid_n2,NeutrophilerGranulozyt,0.2,Neu,False,True,True
76,0.1191949439337169,0.0656162193197843,0.1358271485803175,True,nn_dist_grid_n3,NeutrophilerGranulozyt,0.2,Neu,False,True,True
76,0.1201155357546549,0.0641369282999117,0.1361716642665559,True,nn_dist_grid_n4,NeutrophilerGranulozyt,0.2,Neu,False,True,True
76,0.1195118890525163,0.0647986833604564,0.1360186644674371,True,nn_dist_grid_n5,NeutrophilerGranulozyt,0.2,Neu,False,True,True
76,0.1168695328252051,0.0740395860941094,0.1483177866181007,True,iou_edgecrop_global,EosinophilerGranulozyt,0.2,Eos,False,True,True
76,0.0722682012479256,0.0523487608198127,0.1091176673514968,True,iou_edgecrop_grid_n1,EosinophilerGranulozyt,0.2,Eos,False,True,True
76,0.1155400118728091,0.0781937974823052,0.1478509495604891,True,iou_edgecrop_grid_n2,EosinophilerGranulozyt,0.2,Eos,False,True,True
76,0.1139995781504383,0.0788752730066142,0.1458879777906863,True,iou_edgecrop_grid_n3,EosinophilerGranulozyt,0.2,Eos,False,True,True
76,0.1132227206548308,0.0717638313670694,0.1474931677920921,True,iou_edgecrop_grid_n4,EosinophilerGranulozyt,0.2,Eos,False,True,True
76,0.1167070553128772,0.0767234132838345,0.148675057087035,True,iou_edgecrop_grid_n5,EosinophilerGranulozyt,0.2,Eos,False,True,True
76,0.1331728104897337,0.0919614667352015,0.1610080425764284,True,iou_global,EosinophilerGranulozyt,0.2,Eos,False,False,True
76,0.1270682037457926,0.0939050438552822,0.1592317071346256,True,iou_grid_n1,EosinophilerGranulozyt,0.2,Eos,False,False,True
76,0.1323697378278779,0.0985672837433933,0.1643550235695592,True,iou_grid_n2,EosinophilerGranulozyt,0.2,Eos,False,False,True
76,0.1320063582222247,0.0937601815611777,0.1623121464597288,True,iou_grid_n3,EosinophilerGranulozyt,0.2,Eos,False,False,True
76,0.1313080194984299,0.0959187543902713,0.1652523038484286,True,iou_grid_n4,EosinophilerGranulozyt,0.2,Eos,False,False,True
76,0.137647167883794,0.098726423013447,0.1659848458931163,True,iou_grid_n5,EosinophilerGranulozyt,0.2,Eos,False,False,True
76,0.4083611869613861,0.2736050834200492,0.4581975685384298,False,nn_center_global,EosinophilerGranulozyt,0.2,Eos,False,False,False
76,0.2908515971871543,0.2036534008082622,0.3372444858071157,False,nn_center_grid_n1,EosinophilerGranulozyt,0.2,Eos,False,False,False
76,0.4087574798515405,0.2741119808180596,0.4591473865613955,False,nn_center_grid_n2,EosinophilerGranulozyt,0.2,Eos,False,False,False
76,0.4085670660803175,0.2733629672220563,0.4588940135315988,False,nn_center_grid_n3,EosinophilerGranulozyt,0.2,Eos,False,False,False
76,0.4085670660803175,0.2734782854628983,0.4586407046834333,False,nn_center_grid_n4,EosinophilerGranulozyt,0.2,Eos,False,False,False
76,0.4084180374446764,0.2731914970729698,0.4585773874959615,False,nn_center_grid_n5,EosinophilerGranulozyt,0.2,Eos,False,False,False
76,0.440520281652508,0.3116635264767107,0.4954344602207863,False,nn_cluster_global,EosinophilerGranulozyt,0.2,Eos,False,False,False
76,0.3248445069205377,0.2406591485169373,0.3660604247129613,False,nn_cluster_grid_n1,EosinophilerGranulozyt,0.2,Eos,False,False,False
76,0.4326585271314955,0.3076674401379804,0.4935286086814514,False,nn_cluster_grid_n2,EosinophilerGranulozyt,0.2,Eos,False,False,False
76,0.4363133609808691,0.3097991436965601,0.4947987727033531,False,nn_cluster_grid_n3,EosinophilerGranulozyt,0.2,Eos,False,False,False
76,0.4379605652938183,0.3104381147881372,0.4944175540698525,False,nn_cluster_grid_n4,EosinophilerGranulozyt,0.2,Eos,False,False,False
76,0.4384968143406695,0.3107811995996743,0.4950529992205474,False,nn_cluster_grid_n5,EosinophilerGranulozyt,0.2,Eos,False,False,False
76,0.4152945819994371,0.2974088257649301,0.4828194559075127,False,nn_dist_global,EosinophilerGranulozyt,0.2,Eos,False,False,False
76,0.3171882489744211,0.2213567371234428,0.3548710468673353,False,nn_dist_grid_n1,EosinophilerGranulozyt,0.2,Eos,False,False,False
76,0.4155640510431611,0.2978360482754372,0.4833010934845534,False,nn_dist_grid_n2,EosinophilerGranulozyt,0.2,Eos,False,False,False
76,0.4153293837479894,0.2975870082000504,0.4830120831022522,False,nn_dist_grid_n3,EosinophilerGranulozyt,0.2,Eos,False,False,False
76,0.4154625927537061,0.2975870082000504,0.4829639228248399,False,nn_dist_grid_n4,EosinophilerGranulozyt,0.2,Eos,False,False,False
76,0.4154800103672764,0.2975298912732107,0.4827713049059623,False,nn_dist_grid_n5,EosinophilerGranulozyt,0.2,Eos,False,False,False
76,-0.1692481485432793,-0.1914899138115431,-0.1498511032783816,True,iou_edgecrop_global,Makrophage,0.25,Mac,False,False,True
76,-0.3250957918843793,-0.3499492358987625,-0.3080221038315822,False,iou_edgecrop_grid_n1,Makrophage,0.25,Mac,False,False,False
76,-0.1692653789606866,-0.1912845328573369,-0.1500642740066976,True,iou_edgecrop_grid_n2,Makrophage,0.25,Mac,False,False,True
76,-0.1693742784710694,-0.1909981036753512,-0.1498677883404325,True,iou_edgecrop_grid_n3,Makrophage,0.25,Mac,False,False,True
76,-0.1693715447486963,-0.1914355547071952,-0.149798569208858,True,iou_edgecrop_grid_n4,Makrophage,0.25,Mac,False,False,True
76,-0.16938095370235,-0.1911662695084054,-0.14991887884855,True,iou_edgecrop_grid_n5,Makrophage,0.25,Mac,False,False,True
76,-0.0465637049395589,-0.0738746900432681,-0.0283812849348749,True,iou_global,Makrophage,0.25,Mac,True,True,True
76,-0.0656070462142032,-0.096699252199762,-0.0551363352068422,True,iou_grid_n1,Makrophage,0.25,Mac,True,True,True
76,-0.050628009194639,-0.080040706838017,-0.0319903906196386,True,iou_grid_n2,Makrophage,0.25,Mac,True,True,True
76,-0.0488110519116475,-0.0774664565273704,-0.0315353033747216,True,iou_grid_n3,Makrophage,0.25,Mac,True,True,True
76,-0.0482678787872772,-0.076588425279114,-0.0301121989513577,True,iou_grid_n4,Makrophage,0.25,Mac,True,True,True
76,-0.0481020674639684,-0.0753539820034839,-0.0307793005966733,True,iou_grid_n5,Makrophage,0.25,Mac,True,True,True
76,-0.1703029248960763,-0.198196192030885,-0.149006993047527,True,nn_center_global,Makrophage,0.25,Mac,False,False,True
76,-0.0961816553765195,-0.1249735745950008,-0.0773920976942408,True,nn_center_grid_n1,Makrophage,0.25,Mac,False,True,True
76,-0.1767043034647277,-0.2009948995925398,-0.153292819417011,False,nn_center_grid_n2,Makrophage,0.25,Mac,False,False,False
76,-0.174446460690997,-0.1998783159031243,-0.1512812961404123,True,nn_center_grid_n3,Makrophage,0.25,Mac,False,False,True
76,-0.1732319019732569,-0.1993094723872517,-0.1506232323294373,True,nn_center_grid_n4,Makrophage,0.25,Mac,False,False,True
76,-0.1723814096168193,-0.1991334177313778,-0.1502694821289898,True,nn_center_grid_n5,Makrophage,0.25,Mac,False,False,True
76,0.018464952870301,-0.0210993192887893,0.0408735753561226,True,nn_cluster_global,Makrophage,0.25,Mac,True,True,True
76,-0.0562795506645403,-0.0966823899657434,-0.0323589490498701,True,nn_cluster_grid_n1,Makrophage,0.25,Mac,True,True,True
76,0.0283297916580781,-0.0119951976853667,0.0494893571123852,True,nn_cluster_grid_n2,Makrophage,0.25,Mac,True,True,True
76,0.0233068861011569,-0.0160708515384971,0.0456589475368743,True,nn_cluster_grid_n3,Makrophage,0.25,Mac,True,True,True
76,0.0215416152293626,-0.0178326617512277,0.0433620310937206,True,nn_cluster_grid_n4,Makrophage,0.25,Mac,True,True,True
76,0.0208474384446342,-0.0185458643266036,0.0431938830359568,True,nn_cluster_grid_n5,Makrophage,0.25,Mac,True,True,True
76,0.0385825255255687,-0.0032136069027391,0.0606639069477225,True,nn_dist_global,Makrophage,0.25,Mac,True,True,True
76,-0.0593408572748593,-0.0983052199533507,-0.0410003438407498,True,nn_dist_grid_n1,Makrophage,0.25,Mac,True,True,True
76,0.0328250244475054,-0.0094855001860122,0.0539493521821584,True,nn_dist_grid_n2,Makrophage,0.25,Mac,True,True,True
76,0.0354711424712298,-0.0063082844733809,0.0571467659980188,True,nn_dist_grid_n3,Makrophage,0.25,Mac,True,True,True
76,0.0366652516185304,-0.005669432395237,0.0580621916023573,True,nn_dist_grid_n4,Makrophage,0.25,Mac,True,True,True
76,0.03724964205154,-0.0046959363069417,0.0587330680941859,True,nn_dist_grid_n5,Makrophage,0.25,Mac,True,True,True
76,0.0835552807447543,0.0487861087600062,0.0978742184210914,True,iou_edgecrop_global,NeutrophilerGranulozyt,0.25,Neu,True,True,True
76,0.0253596942574488,0.0060232901138905,0.0537365417399242,True,iou_edgecrop_grid_n1,NeutrophilerGranulozyt,0.25,Neu,True,True,True
76,0.0841182682586747,0.0487691189735788,0.0984865497292303,True,iou_edgecrop_grid_n2,NeutrophilerGranulozyt,0.25,Neu,True,True,True
76,0.0835955497416753,0.048865367986322,0.0985727640582655,True,iou_edgecrop_grid_n3,NeutrophilerGranulozyt,0.25,Neu,True,True,True
76,0.083105840182424,0.0487523320623409,0.1002382563588366,True,iou_edgecrop_grid_n4,NeutrophilerGranulozyt,0.25,Neu,False,True,True
76,0.0836596718676716,0.048744732263371,0.09804545874043,True,iou_edgecrop_grid_n5,NeutrophilerGranulozyt,0.25,Neu,True,True,True
76,0.0774285475109591,0.0517079785297766,0.0859354603534747,True,iou_global,NeutrophilerGranulozyt,0.25,Neu,True,True,True
76,0.0645146812294484,0.0506951275224221,0.0904028809801378,True,iou_grid_n1,NeutrophilerGranulozyt,0.25,Neu,True,True,True
76,0.0786687647505008,0.0524061913863714,0.0836087929331693,True,iou_grid_n2,NeutrophilerGranulozyt,0.25,Neu,True,True,True
76,0.0776055077191952,0.0518508042350068,0.0855143386309477,True,iou_grid_n3,NeutrophilerGranulozyt,0.25,Neu,True,True,True
76,0.0783479181156072,0.0514488776722378,0.0847877793116699,True,iou_grid_n4,NeutrophilerGranulozyt,0.25,Neu,True,True,True
76,0.0778503252127209,0.0512117910950074,0.0849985928403351,True,iou_grid_n5,NeutrophilerGranulozyt,0.25,Neu,True,True,True
76,0.0923108357740892,0.0457921921915659,0.1183374262896087,True,nn_center_global,NeutrophilerGranulozyt,0.25,Neu,False,True,True
76,0.0775182580950836,0.0497032653869071,0.1022228480728328,True,nn_center_grid_n1,NeutrophilerGranulozyt,0.25,Neu,False,True,True
76,0.0921854113719857,0.0479285233652491,0.1167586855885474,True,nn_center_grid_n2,NeutrophilerGranulozyt,0.25,Neu,False,True,True
76,0.0922920084968718,0.0464913208715707,0.1182109892278093,True,nn_center_grid_n3,NeutrophilerGranulozyt,0.25,Neu,False,True,True
76,0.092593215288957,0.0461190497475332,0.1164820355179359,True,nn_center_grid_n4,NeutrophilerGranulozyt,0.25,Neu,False,True,True
76,0.0923146245743693,0.0477532698485623,0.1184335962273104,True,nn_center_grid_n5,NeutrophilerGranulozyt,0.25,Neu,False,True,True
76,0.1334223541722523,0.074410725707002,0.156560077001208,True,nn_cluster_global,NeutrophilerGranulozyt,0.25,Neu,False,False,True
76,0.103982179957166,0.0581983656696825,0.1199549400099124,True,nn_cluster_grid_n1,NeutrophilerGranulozyt,0.25,Neu,False,True,True
76,0.1327075692599834,0.0741671560231903,0.1515201107716893,True,nn_cluster_grid_n2,NeutrophilerGranulozyt,0.25,Neu,False,False,True
76,0.1349466976861051,0.0733095026895347,0.1543517405056436,True,nn_cluster_grid_n3,NeutrophilerGranulozyt,0.25,Neu,False,False,True
76,0.1336765348285109,0.0737871588723393,0.1554076702123792,True,nn_cluster_grid_n4,NeutrophilerGranulozyt,0.25,Neu,False,False,True
76,0.1321076166041284,0.0735055845306333,0.1551211094080921,True,nn_cluster_grid_n5,NeutrophilerGranulozyt,0.25,Neu,False,False,True
76,0.1164531529476576,0.0697849568783,0.136091965467155,True,nn_dist_global,NeutrophilerGranulozyt,0.25,Neu,False,True,True
76,0.0963534000774798,0.0551062501650387,0.1128593997688558,True,nn_dist_grid_n1,NeutrophilerGranulozyt,0.25,Neu,False,True,True
76,0.1160396899761386,0.0700941508117201,0.1358798947178903,True,nn_dist_grid_n2,NeutrophilerGranulozyt,0.25,Neu,False,True,True
76,0.1163218345098582,0.0698881079559731,0.1364543468742883,True,nn_dist_grid_n3,NeutrophilerGranulozyt,0.25,Neu,False,True,True
76,0.1162793842827242,0.0692679017946755,0.135498805625413,True,nn_dist_grid_n4,NeutrophilerGranulozyt,0.25,Neu,False,True,True
76,0.1162601138047966,0.0694255014480159,0.1362501198029053,True,nn_dist_grid_n5,NeutrophilerGranulozyt,0.25,Neu,False,True,True
76,0.1110168254888175,0.0724430370058359,0.1404725319720648,True,iou_edgecrop_global,EosinophilerGranulozyt,0.25,Eos,False,True,True
76,0.0825088173601504,0.0487810465030709,0.1145502824319388,True,iou_edgecrop_grid_n1,EosinophilerGranulozyt,0.25,Eos,False,True,True
76,0.1109130156680358,0.072401676525672,0.1496043946980122,True,iou_edgecrop_grid_n2,EosinophilerGranulozyt,0.25,Eos,False,True,True
76,0.0983300530908106,0.0718049921735325,0.140362569745191,True,iou_edgecrop_grid_n3,EosinophilerGranulozyt,0.25,Eos,False,True,True
76,0.0998452161532064,0.0773676115402219,0.1466655363772265,True,iou_edgecrop_grid_n4,EosinophilerGranulozyt,0.25,Eos,False,True,True
76,0.1110168254888175,0.0723928576145018,0.1444486667111131,True,iou_edgecrop_grid_n5,EosinophilerGranulozyt,0.25,Eos,False,True,True
76,0.1293238044503253,0.0940471874715624,0.1613467822347831,True,iou_global,EosinophilerGranulozyt,0.25,Eos,False,False,True
76,0.1169320986197999,0.0792555451106129,0.1557874169111333,True,iou_grid_n1,EosinophilerGranulozyt,0.25,Eos,False,False,True
76,0.1370306925558593,0.0912793868436094,0.1627518849568558,True,iou_grid_n2,EosinophilerGranulozyt,0.25,Eos,False,False,True
76,0.1267450252295874,0.091782987211191,0.1626863268394793,True,iou_grid_n3,EosinophilerGranulozyt,0.25,Eos,False,False,True
76,0.1347724080738634,0.0928531289941101,0.1605000377468082,True,iou_grid_n4,EosinophilerGranulozyt,0.25,Eos,False,False,True
76,0.1286137699663254,0.0935420747497643,0.161202086953105,True,iou_grid_n5,EosinophilerGranulozyt,0.25,Eos,False,False,True
76,0.3737403462733977,0.2674865054667865,0.4322606983048951,False,nn_center_global,EosinophilerGranulozyt,0.25,Eos,False,False,False
76,0.2824471998066946,0.2065266235237366,0.3362095422068736,False,nn_center_grid_n1,EosinophilerGranulozyt,0.25,Eos,False,False,False
76,0.3749638393522372,0.2702337599419255,0.43280970736404,False,nn_center_grid_n2,EosinophilerGranulozyt,0.25,Eos,False,False,False
76,0.3742981256329072,0.2688591892787588,0.4323955365817027,False,nn_center_grid_n3,EosinophilerGranulozyt,0.25,Eos,False,False,False
76,0.3745270565798995,0.2693171695936107,0.4326133373518241,False,nn_center_grid_n4,EosinophilerGranulozyt,0.25,Eos,False,False,False
76,0.3741490085497916,0.2688591892787588,0.4325366661104026,False,nn_center_grid_n5,EosinophilerGranulozyt,0.25,Eos,False,False,False
76,0.4181855350831702,0.3035328295949151,0.5021084002599094,False,nn_cluster_global,EosinophilerGranulozyt,0.25,Eos,False,False,False
76,0.310785038943723,0.2447902477570818,0.3638505732029675,False,nn_cluster_grid_n1,EosinophilerGranulozyt,0.25,Eos,False,False,False
76,0.4124134671008488,0.3006772097860801,0.4937431048916962,False,nn_cluster_grid_n2,EosinophilerGranulozyt,0.25,Eos,False,False,False
76,0.4150802788868351,0.3012108032863037,0.4973329754518614,False,nn_cluster_grid_n3,EosinophilerGranulozyt,0.25,Eos,False,False,False
76,0.4164344360505363,0.3039147424963744,0.4986335156189396,False,nn_cluster_grid_n4,EosinophilerGranulozyt,0.25,Eos,False,False,False
76,0.4165650496945632,0.3023948966214815,0.4998551517621736,False,nn_cluster_grid_n5,EosinophilerGranulozyt,0.25,Eos,False,False,False
76,0.4006935635340922,0.2861269131303261,0.46515501833103,False,nn_dist_global,EosinophilerGranulozyt,0.25,Eos,False,False,False
76,0.3009478486330701,0.2292371332174787,0.3538491771816388,False,nn_dist_grid_n1,EosinophilerGranulozyt,0.25,Eos,False,False,False
76,0.3992815486912273,0.2838150087848701,0.4655441744594693,False,nn_dist_grid_n2,EosinophilerGranulozyt,0.25,Eos,False,False,False
76,0.4010146526794704,0.2835915000133837,0.4653276731809943,False,nn_dist_grid_n3,EosinophilerGranulozyt,0.25,Eos,False,False,False
76,0.4008219744497259,0.283582015951759,0.4651033760831395,False,nn_dist_grid_n4,EosinophilerGranulozyt,0.25,Eos,False,False,False
76,0.4007577648695681,0.2863863791599592,0.4652671185000439,False,nn_dist_grid_n5,EosinophilerGranulozyt,0.25,Eos,False,False,False
76,-0.1739452567511556,-0.19589954998736,-0.1550399573288541,True,iou_edgecrop_global,Makrophage,0.5,Mac,False,False,True
76,-0.3275845751255649,-0.3522241290776031,-0.3072274357527488,False,iou_edgecrop_grid_n1,Makrophage,0.5,Mac,False,False,False
76,-0.1741676345288485,-0.1959316626554102,-0.155112989140755,True,iou_edgecrop_grid_n2,Makrophage,0.5,Mac,False,False,True
76,-0.1741796204813128,-0.1957094552647367,-0.1550252302325207,True,iou_edgecrop_grid_n3,Makrophage,0.5,Mac,False,False,True
76,-0.1740314365470973,-0.1959537012612299,-0.1550646844784191,True,iou_edgecrop_grid_n4,Makrophage,0.5,Mac,False,False,True
76,-0.174038784143643,-0.1958213952998057,-0.1550102088288364,True,iou_edgecrop_grid_n5,Makrophage,0.5,Mac,False,False,True
76,-0.0055701549938992,-0.0362712112823577,0.0105239302088403,True,iou_global,Makrophage,0.5,Mac,True,True,True
76,-0.0651954122518343,-0.0957660162429932,-0.0549053665321533,True,iou_grid_n1,Makrophage,0.5,Mac,True,True,True
76,-0.0105304373211875,-0.0456276263303004,0.0037090539899199,True,iou_grid_n2,Makrophage,0.5,Mac,True,True,True
76,-0.0080026512264971,-0.0414247648263162,0.0063025729016298,True,iou_grid_n3,Makrophage,0.5,Mac,True,True,True
76,-0.0071253047723492,-0.0397619566850074,0.007417621063928,True,iou_grid_n4,Makrophage,0.5,Mac,True,True,True
76,-0.0070649834367923,-0.0389872095526433,0.007824988746613,True,iou_grid_n5,Makrophage,0.5,Mac,True,True,True
76,-0.1303553701417743,-0.1755919360915147,-0.1047469804470171,True,nn_center_global,Makrophage,0.5,Mac,False,False,True
76,-0.0965716101783148,-0.1230845120769986,-0.0766388386238388,True,nn_center_grid_n1,Makrophage,0.5,Mac,False,True,True
76,-0.1452188981331208,-0.1830447923346086,-0.1259112107296146,True,nn_center_grid_n2,Makrophage,0.5,Mac,False,False,True
76,-0.1374521492070399,-0.1803836961321632,-0.1146669314876755,True,nn_center_grid_n3,Makrophage,0.5,Mac,False,False,True
76,-0.1337164138249548,-0.1794144094231219,-0.112051939589413,True,nn_center_grid_n4,Makrophage,0.5,Mac,False,False,True
76,-0.1333618499708147,-0.1786367954501834,-0.1105555028450903,True,nn_center_grid_n5,Makrophage,0.5,Mac,False,False,True
76,0.0703386172295679,0.0319101356039083,0.1035013043182398,True,nn_cluster_global,Makrophage,0.5,Mac,False,True,True
76,-0.0567420482711461,-0.0891010144628313,-0.0330587601743435,True,nn_cluster_grid_n1,Makrophage,0.5,Mac,True,True,True
76,0.0815253223574872,0.0462492614373755,0.1191402660197388,True,nn_cluster_grid_n2,Makrophage,0.5,Mac,False,True,True
76,0.0755437767864404,0.0389564858849469,0.1110997078584329,True,nn_cluster_grid_n3,Makrophage,0.5,Mac,False,True,True
76,0.0748533877461998,0.0365898466247024,0.1089263893794999,True,nn_cluster_grid_n4,Makrophage,0.5,Mac,False,True,True
76,0.0738329050459343,0.0356098825876208,0.1077735664512159,True,nn_cluster_grid_n5,Makrophage,0.5,Mac,False,True,True
76,0.1030453181424851,0.0689213194022199,0.1316851943041745,True,nn_dist_global,Makrophage,0.5,Mac,False,True,True
76,-0.0602847639037482,-0.0912102367804499,-0.0416153687279642,True,nn_dist_grid_n1,Makrophage,0.5,Mac,True,True,True
76,0.0916425925131547,0.0559979042036583,0.123583163548414,True,nn_dist_grid_n2,Makrophage,0.5,Mac,False,True,True
76,0.0971803850433035,0.0619005666262746,0.1276226526028279,True,nn_dist_grid_n3,Makrophage,0.5,Mac,False,True,True
76,0.0992663935480011,0.0648261045028636,0.1298052866652717,True,nn_dist_grid_n4,Makrophage,0.5,Mac,False,True,True
76,0.1002965027222914,0.0653256657871592,0.1304844001147389,True,nn_dist_grid_n5,Makrophage,0.5,Mac,False,True,True
76,0.0804916615802442,0.0571291544982446,0.099154877590065,True,iou_edgecrop_global,NeutrophilerGranulozyt,0.5,Neu,True,True,True
76,0.0275297634161268,0.014172477292631,0.0449347920080807,True,iou_edgecrop_grid_n1,NeutrophilerGranulozyt,0.5,Neu,True,True,True
76,0.0805404206616617,0.0588144274891542,0.0972243825240477,True,iou_edgecrop_grid_n2,NeutrophilerGranulozyt,0.5,Neu,True,True,True
76,0.0804051941564425,0.0575326448829782,0.0990716564047686,True,iou_edgecrop_grid_n3,NeutrophilerGranulozyt,0.5,Neu,True,True,True
76,0.0823022784554485,0.058078888774232,0.1004917534375268,True,iou_edgecrop_grid_n4,NeutrophilerGranulozyt,0.5,Neu,False,True,True
76,0.0823022784554485,0.057799133896615,0.098645150283132,True,iou_edgecrop_grid_n5,NeutrophilerGranulozyt,0.5,Neu,True,True,True
76,0.0678010692592578,0.0328688555712699,0.096592535357673,True,iou_global,NeutrophilerGranulozyt,0.5,Neu,True,True,True
76,0.0647085659493481,0.0519833385016096,0.0852520678666457,True,iou_grid_n1,NeutrophilerGranulozyt,0.5,Neu,True,True,True
76,0.065949271110459,0.0303428747289771,0.0967125414770442,True,iou_grid_n2,NeutrophilerGranulozyt,0.5,Neu,True,True,True
76,0.0684950223608958,0.030940465836472,0.0981942173480843,True,iou_grid_n3,NeutrophilerGranulozyt,0.5,Neu,True,True,True
76,0.0677277498222643,0.0336147461627711,0.0979455046912665,True,iou_grid_n4,NeutrophilerGranulozyt,0.5,Neu,True,True,True
76,0.0681724823074121,0.0328045107373964,0.0967908150278376,True,iou_grid_n5,NeutrophilerGranulozyt,0.5,Neu,True,True,True
76,0.0969709794274494,0.0592588644039088,0.1345812713797252,True,nn_center_global,NeutrophilerGranulozyt,0.5,Neu,False,True,True
76,0.0790191338545257,0.0550561793594957,0.1026145744212594,True,nn_center_grid_n1,NeutrophilerGranulozyt,0.5,Neu,False,True,True
76,0.0960555010028091,0.0555006405722096,0.1337244934884207,True,nn_center_grid_n2,NeutrophilerGranulozyt,0.5,Neu,False,True,True
76,0.0964971458470408,0.0556173876816769,0.1352631521625477,True,nn_center_grid_n3,NeutrophilerGranulozyt,0.5,Neu,False,True,True
76,0.0961132775643333,0.0582285741331251,0.1343534477023729,True,nn_center_grid_n4,NeutrophilerGranulozyt,0.5,Neu,False,True,True
76,0.0961915812141537,0.057012317293108,0.1352563900277065,True,nn_center_grid_n5,NeutrophilerGranulozyt,0.5,Neu,False,True,True
76,0.1431109085579845,0.0735050102607748,0.1785284207361077,True,nn_cluster_global,NeutrophilerGranulozyt,0.5,Neu,False,False,True
76,0.1003584028880036,0.0603446610164087,0.1181915638426605,True,nn_cluster_grid_n1,NeutrophilerGranulozyt,0.5,Neu,False,True,True
76,0.134357171517769,0.0704661985155454,0.1655400852332487,True,nn_cluster_grid_n2,NeutrophilerGranulozyt,0.5,Neu,False,False,True
76,0.1355988483924032,0.0692551068336708,0.1670362967328768,True,nn_cluster_grid_n3,NeutrophilerGranulozyt,0.5,Neu,False,False,True
76,0.1394027696060154,0.0680451183393175,0.1708908331116749,True,nn_cluster_grid_n4,NeutrophilerGranulozyt,0.5,Neu,False,False,True
76,0.1388721892070749,0.0709147753626702,0.171429062801603,True,nn_cluster_grid_n5,NeutrophilerGranulozyt,0.5,Neu,False,False,True
76,0.1266928448878096,0.067318438723842,0.1514731418337636,True,nn_dist_global,NeutrophilerGranulozyt,0.5,Neu,False,False,True
76,0.0981117286244667,0.0576837045565674,0.1079792583435623,True,nn_dist_grid_n1,NeutrophilerGranulozyt,0.5,Neu,False,True,True
76,0.1238208045476615,0.0663828007801389,0.1483923965496223,True,nn_dist_grid_n2,NeutrophilerGranulozyt,0.5,Neu,False,True,True
76,0.126344533149929,0.0668442557787826,0.1501167496285189,True,nn_dist_grid_n3,NeutrophilerGranulozyt,0.5,Neu,False,False,True
76,0.1249074275737467,0.0673449065172348,0.1492968624111679,True,nn_dist_grid_n4,NeutrophilerGranulozyt,0.5,Neu,False,True,True
76,0.1267860347705258,0.0671690403325439,0.1505686759722175,True,nn_dist_grid_n5,NeutrophilerGranulozyt,0.5,Neu,False,False,True
76,0.1228425542492324,0.0884009285314724,0.1570510677515457,True,iou_edgecrop_global,EosinophilerGranulozyt,0.5,Eos,False,False,True
76,0.0839831560508881,0.0555878188457936,0.1133649165095334,True,iou_edgecrop_grid_n1,EosinophilerGranulozyt,0.5,Eos,False,True,True
76,0.1216037523872959,0.0882782994839124,0.158533232335041,True,iou_edgecrop_grid_n2,EosinophilerGranulozyt,0.5,Eos,False,False,True
76,0.1215947969292294,0.0881963632471298,0.1606947759941082,True,iou_edgecrop_grid_n3,EosinophilerGranulozyt,0.5,Eos,False,False,True
76,0.122031806456256,0.0880129779525746,0.1588830688819892,True,iou_edgecrop_grid_n4,EosinophilerGranulozyt,0.5,Eos,False,False,True
76,0.1234525494723219,0.0882782994839124,0.1598962734907774,True,iou_edgecrop_grid_n5,EosinophilerGranulozyt,0.5,Eos,False,False,True
76,0.1256392855194215,0.0992162001144039,0.1688300780363958,True,iou_global,EosinophilerGranulozyt,0.5,Eos,False,False,True
76,0.1162379155646362,0.0960955274176549,0.157273798270408,True,iou_grid_n1,EosinophilerGranulozyt,0.5,Eos,False,False,True
76,0.1272633044802342,0.1028818647944329,0.1725564525588288,True,iou_grid_n2,EosinophilerGranulozyt,0.5,Eos,False,False,True
76,0.1226204722501886,0.1064673929070911,0.1749055747082426,True,iou_grid_n3,EosinophilerGranulozyt,0.5,Eos,False,False,True
76,0.123754848633977,0.1050474133181967,0.1696624439636367,True,iou_grid_n4,EosinophilerGranulozyt,0.5,Eos,False,False,True
76,0.1246375726467696,0.1009010590328483,0.1692216449544128,True,iou_grid_n5,EosinophilerGranulozyt,0.5,Eos,False,False,True
76,0.4244705221826108,0.3158333708582399,0.4910795169599646,False,nn_center_global,EosinophilerGranulozyt,0.5,Eos,False,False,False
76,0.3043257681981406,0.2114393562850215,0.3373754281472192,False,nn_center_grid_n1,EosinophilerGranulozyt,0.5,Eos,False,False,False
76,0.4259028364490858,0.3149197546147644,0.4942401441178408,False,nn_center_grid_n2,EosinophilerGranulozyt,0.5,Eos,False,False,False
76,0.4248442615622585,0.3136960424583643,0.4933004363954367,False,nn_center_grid_n3,EosinophilerGranulozyt,0.5,Eos,False,False,False
76,0.4257154503327538,0.3123735206766116,0.4919514348614502,False,nn_center_grid_n4,EosinophilerGranulozyt,0.5,Eos,False,False,False
76,0.424533265456251,0.3153544009199085,0.4918930880944585,False,nn_center_grid_n5,EosinophilerGranulozyt,0.5,Eos,False,False,False
76,0.4912755672521822,0.3836924654263358,0.5675976275312613,False,nn_cluster_global,EosinophilerGranulozyt,0.5,Eos,False,False,False
76,0.3175230780909845,0.2437677495601817,0.3667882642766451,False,nn_cluster_grid_n1,EosinophilerGranulozyt,0.5,Eos,False,False,False
76,0.471898732408329,0.3626140531795094,0.5495600916157088,False,nn_cluster_grid_n2,EosinophilerGranulozyt,0.5,Eos,False,False,False
76,0.4832716300737469,0.3708155445366516,0.5618601230195659,False,nn_cluster_grid_n3,EosinophilerGranulozyt,0.5,Eos,False,False,False
76,0.486756142631835,0.3758136404963457,0.5646882994730289,False,nn_cluster_grid_n4,EosinophilerGranulozyt,0.5,Eos,False,False,False
76,0.4876252867512805,0.3777263447789452,0.565495597490556,False,nn_cluster_grid_n5,EosinophilerGranulozyt,0.5,Eos,False,False,False
76,0.446832353480215,0.345349821871022,0.527697326729502,False,nn_dist_global,EosinophilerGranulozyt,0.5,Eos,False,False,False
76,0.3145729603604172,0.2290708556844448,0.3554594471342538,False,nn_dist_grid_n1,EosinophilerGranulozyt,0.5,Eos,False,False,False
76,0.4456841111637464,0.3415565427608669,0.5274169222109459,False,nn_dist_grid_n2,EosinophilerGranulozyt,0.5,Eos,False,False,False
76,0.4473846319996306,0.3418626566334783,0.5278364732974445,False,nn_dist_grid_n3,EosinophilerGranulozyt,0.5,Eos,False,False,False
76,0.4468252548779576,0.3428346876406243,0.5279040877292629,False,nn_dist_grid_n4,EosinophilerGranulozyt,0.5,Eos,False,False,False
76,0.4475457164071343,0.34494724605146,0.5279756392298487,False,nn_dist_grid_n5,EosinophilerGranulozyt,0.5,Eos,False,False,False
