block_size,overlap_pct,nms_method,label,n_blocks,n_zero,frac_zero
1,0.0,nn_center_grid_n2,Lym,22095,86.0,0.003892283322018556
1,0.0,nn_dist_grid_n3,Lym,22095,87.0,0.003937542430414121
1,0.0,nn_cluster_grid_n4,Lym,22095,87.0,0.003937542430414121
1,0.0,iou_global,Lym,22095,98.0,0.004435392622765331
2,0.0,nn_dist_grid_n5,Lym,14887,4.0,0.00026869080405723115
2,0.0,nn_cluster_grid_n2,Lym,14887,4.0,0.00026869080405723115
2,0.0,nn_dist_grid_n3,Lym,14887,4.0,0.00026869080405723115
2,0.0,nn_center_grid_n3,Eos,14887,4758.0,0.31960771142607647
2,0.0,nn_dist_grid_n1,Eos,14887,4757.0,0.31954053872506216
5,0.0,iou_grid_n3,Lym,3263,6.0,0.0018387986515476554
5,0.0,nn_cluster_grid_n1,Eos,3263,399.0,0.12228011032791909
5,0.0,iou_edgecrop_grid_n2,Eos,3263,599.0,0.18357339871284095
4,0.025,nn_center_grid_n1,Eos,4972,794.0,0.15969428801287208
4,0.025,nn_cluster_grid_n2,Lym,4972,19.0,0.003821399839098954
4,0.025,iou_grid_n2,Lym,4972,19.0,0.003821399839098954
5,0.025,nn_cluster_grid_n3,Eos,3440,430.0,0.125
5,0.025,iou_grid_n4,Lym,3440,5.0,0.0014534883720930232
2,0.025,nn_cluster_grid_n5,Lym,15638,9.0,0.0005755211663895639
2,0.025,nn_cluster_grid_n3,Eos,15638,5025.0,0.32133265123417315
2,0.025,nn_dist_grid_n2,Lym,15638,9.0,0.0005755211663895639
2,0.025,nn_dist_global,Lym,15638,9.0,0.0005755211663895639
2,0.025,iou_edgecrop_grid_n5,Eos,15638,6208.0,0.3969817112162681
3,0.025,nn_center_grid_n1,Eos,8095,1749.0,0.216059295861643
1,0.05,nn_center_grid_n4,Lym,24520,127.0,0.005179445350734095
1,0.05,nn_dist_grid_n3,Eos,24520,11089.0,0.4522430668841762
1,0.05,none,Lym,24520,98.0,0.00399673735725938
1,0.05,iou_grid_n1,Eos,24520,11634.0,0.47446982055464926
1,0.05,iou_grid_n4,Eos,24520,11962.0,0.48784665579119085
1,0.05,nn_center_grid_n2,Eos,24520,11083.0,0.4519983686786297
2,0.05,nn_dist_global,Lym,16505,14.0,0.0008482278097546198
3,0.05,iou_grid_n2,Lym,8497,41.0,0.0048252324349770505
5,0.05,nn_center_grid_n5,Eos,3637,478.0,0.13142700027495188
5,0.05,iou_grid_n1,Lym,3637,7.0,0.00192466318394281
1,0.05,iou_edgecrop_grid_n5,Lym,24520,221.0,0.00901305057096248
2,0.075,nn_center_grid_n5,Lym,17382,15.0,0.0008629616845012082
2,0.075,nn_center_grid_n1,Lym,17382,14.0,0.0008054309055344609
2,0.075,nn_center_grid_n2,Lym,17382,15.0,0.0008629616845012082
4,0.075,nn_cluster_grid_n5,Lym,5518,25.0,0.004530627038782167
3,0.075,nn_dist_grid_n3,Lym,8978,45.0,0.005012252171975941
3,0.075,nn_center_grid_n3,Eos,8978,2135.0,0.23780351971485855
3,0.075,nn_cluster_grid_n4,Lym,8978,45.0,0.005012252171975941
3,0.075,nn_center_global,Eos,8978,2137.0,0.23802628647805749
1,0.075,nn_cluster_grid_n5,Eos,25901,11970.0,0.4621443187521717
1,0.075,nn_dist_grid_n1,Lym,25901,77.0,0.002972858190803444
3,0.075,iou_edgecrop_grid_n1,Eos,8978,2598.0,0.289374025395411
1,0.075,iou_edgecrop_grid_n4,Lym,25901,199.0,0.007683101038569939
1,0.1,iou_grid_n2,Lym,27338,211.0,0.007718194454605311
1,0.1,nn_cluster_global,Eos,27338,12935.0,0.47315092545175214
1,0.1,nn_center_grid_n3,Eos,27338,12928.0,0.47289487160728655
1,0.1,nn_cluster_grid_n5,Lym,27338,187.0,0.006840295559294754
2,0.1,nn_center_grid_n5,Lym,18295,18.0,0.0009838753757857339
2,0.1,nn_dist_grid_n2,Eos,18295,6380.0,0.34872916097294343
2,0.1,nn_dist_grid_n3,Eos,18295,6379.0,0.3486745012298442
3,0.1,nn_cluster_grid_n5,Lym,9437,67.0,0.007099713892126735
3,0.1,nn_cluster_grid_n1,Eos,9437,2168.0,0.2297340256437427
3,0.1,iou_grid_n1,Lym,9437,66.0,0.006993748013139769
3,0.1,iou_edgecrop_grid_n1,Lym,9437,72.0,0.007629543287061566
4,0.1,nn_cluster_grid_n1,Eos,5790,1000.0,0.17271157167530224
4,0.1,nn_dist_grid_n2,Eos,5790,1033.0,0.17841105354058723
1,0.15,iou_grid_n1,Eos,30595,14547.0,0.4754698480143814
1,0.15,iou_grid_n2,Eos,30595,16351.0,0.5344337310017977
1,0.15,nn_cluster_grid_n2,Lym,30595,260.0,0.008498120607942474
1,0.15,nn_dist_grid_n3,Lym,30595,266.0,0.008694231083510378
1,0.15,nn_center_grid_n1,Lym,30595,111.0,0.0036280437980062102
4,0.15,none,Eos,6422,1162.0,0.18094051697290564
4,0.15,iou_grid_n3,Eos,6422,1416.0,0.2204920585487387
4,0.15,nn_center_global,Eos,6422,1226.0,0.19090625973217065
4,0.15,nn_cluster_grid_n1,Lym,6422,32.0,0.004982871379632514
4,0.15,iou_global,Lym,6422,35.0,0.0054500155714730615
5,0.15,nn_cluster_grid_n5,Lym,4397,17.0,0.003866272458494428
5,0.15,nn_dist_grid_n1,Eos,4397,633.0,0.1439617921309984
5,0.15,nn_cluster_grid_n1,Lym,4397,17.0,0.003866272458494428
5,0.15,nn_dist_grid_n2,Lym,4397,17.0,0.003866272458494428
2,0.15,nn_dist_grid_n4,Lym,20530,24.0,0.0011690209449585973
2,0.15,iou_grid_n3,Lym,20530,25.0,0.0012177301509985387
2,0.15,nn_cluster_grid_n1,Lym,20530,16.0,0.0007793472966390648
3,0.15,iou_edgecrop_grid_n2,Eos,10543,3262.0,0.3093996016314142
1,0.2,nn_cluster_grid_n3,Lym,34606,398.0,0.01150089579841646
1,0.2,nn_center_grid_n4,Lym,34606,379.0,0.010951858059296075
2,0.2,nn_cluster_grid_n5,Lym,23137,40.0,0.001728832605782945
2,0.2,iou_edgecrop_grid_n5,Eos,23137,10380.0,0.4486320612006742
4,0.2,nn_cluster_global,Lym,7201,36.0,0.004999305651992779
4,0.2,iou_grid_n3,Eos,7201,1686.0,0.23413414803499513
4,0.2,nn_center_grid_n1,Eos,7201,1349.0,0.18733509234828497
3,0.2,nn_cluster_grid_n3,Lym,11848,87.0,0.007343011478730587
3,0.2,iou_grid_n2,Lym,11848,91.0,0.007680621201890615
1,0.2,iou_global,Eos,34606,19384.0,0.5601340807952379
1,0.25,nn_cluster_global,Lym,39308,530.0,0.013483260405006614
1,0.25,nn_center_grid_n4,Eos,39308,21472.0,0.5462501272005699
1,0.25,iou_grid_n4,Lym,39308,599.0,0.015238628269054645
3,0.25,iou_edgecrop_global,Eos,13405,4775.0,0.35621036926519956
4,0.25,nn_cluster_grid_n2,Lym,8176,37.0,0.004525440313111546
4,0.25,nn_center_grid_n5,Lym,8176,37.0,0.004525440313111546
4,0.25,nn_cluster_grid_n1,Lym,8176,36.0,0.004403131115459882
3,0.25,nn_cluster_grid_n4,Eos,13405,3976.0,0.29660574412532636
3,0.25,nn_cluster_grid_n5,Eos,13405,3976.0,0.29660574412532636
3,0.25,iou_grid_n2,Eos,13405,4509.0,0.33636702722864603
3,0.25,iou_grid_n5,Lym,13405,89.0,0.006639313688922044
5,0.25,iou_grid_n4,Eos,5542,1151.0,0.20768675568386863
5,0.25,iou_grid_n5,Eos,5542,1146.0,0.20678455431252254
5,0.25,nn_dist_grid_n1,Lym,5542,17.0,0.003067484662576687
1,0.5,nn_cluster_grid_n3,Lym,88352,5526.0,0.06254527345164795
1,0.5,iou_grid_n3,Lym,88352,5334.0,0.06037214777254618
1,0.5,nn_dist_grid_n4,Lym,88352,5324.0,0.0602589641434263
1,0.5,nn_center_grid_n1,Eos,88352,38758.0,0.4386771097428468
1,0.5,nn_dist_grid_n5,Eos,88352,61837.0,0.6998936073886273
3,0.5,nn_dist_grid_n2,Lym,29624,390.0,0.013165001350256549
5,0.5,nn_dist_grid_n5,Eos,11800,3125.0,0.2648305084745763
5,0.5,iou_grid_n1,Lym,11800,60.0,0.005084745762711864
2,0.5,nn_cluster_global,Eos,58736,33673.0,0.5732940615636066
2,0.5,nn_cluster_grid_n4,Eos,58736,33660.0,0.5730727322255517
2,0.5,iou_grid_n2,Lym,58736,944.0,0.01607191500953419
2,0.5,nn_cluster_grid_n1,Lym,58736,175.0,0.0029794333968945793
2,0.5,iou_edgecrop_grid_n2,Lym,58736,1312.0,0.022337237809861073
2,0.5,iou_edgecrop_grid_n4,Eos,58736,37251.0,0.6342107055298284
4,0.5,iou_edgecrop_grid_n4,Eos,17666,7362.0,0.4167327068945998
4,0.5,iou_edgecrop_grid_n5,Eos,17666,7347.0,0.4158836182497453
5,0.5,iou_edgecrop_grid_n1,Lym,11800,75.0,0.006355932203389831
5,0.5,iou_global,Lym,11800,83.0,0.007033898305084746
3,0.5,iou_global,Eos,29624,14355.0,0.4845733189305968
3,0.025,iou_edgecrop_grid_n1,Lym,8095,55.0,0.0067943174799258805
3,0.025,iou_edgecrop_grid_n5,Eos,8095,2330.0,0.2878319950586782
0,0.025,nn_center_grid_n1,Lym,76,0.0,0.0
0,0.025,nn_center_grid_n2,Eos,76,0.0,0.0
0,0.025,nn_center_global,Lym,76,0.0,0.0
4,0.05,nn_cluster_global,Eos,5234,896.0,0.1711883836453955
4,0.05,none,Lym,5234,13.0,0.002483760030569354
5,0.05,iou_edgecrop_grid_n2,Eos,3637,682.0,0.18751718449271376
5,0.075,nn_cluster_grid_n2,Eos,3810,533.0,0.13989501312335959
5,0.075,iou_grid_n2,Lym,3810,8.0,0.002099737532808399
2,0.1,iou_edgecrop_grid_n1,Eos,18295,7352.0,0.4018584312653731
2,0.1,iou_edgecrop_grid_n3,Eos,18295,7403.0,0.4046460781634326
3,0.15,nn_dist_grid_n3,Lym,10543,59.0,0.005596130133738025
3,0.15,iou_grid_n1,Eos,10543,2798.0,0.26538935786777956
2,0.15,iou_edgecrop_grid_n4,Eos,20530,8708.0,0.424159766195811
1,0.2,iou_edgecrop_grid_n1,Eos,34606,17553.0,0.5072241807778998
1,0.2,iou_edgecrop_grid_n2,Eos,34606,19565.0,0.5653643876784372
1,0.25,iou_edgecrop_grid_n5,Lym,39308,805.0,0.020479291747227027
4,0.5,nn_cluster_grid_n2,Eos,17666,5941.0,0.336295709272048
4,0.5,nn_dist_grid_n2,Lym,17666,161.0,0.009113551454771877
4,0.0,iou_edgecrop_grid_n5,Eos,4768,1066.0,0.2235738255033557
4,0.0,iou_edgecrop_grid_n2,Eos,4768,1066.0,0.2235738255033557
5,0.075,iou_edgecrop_grid_n1,Eos,3810,692.0,0.1816272965879265
0,0.075,nn_cluster_grid_n3,Eos,76,0.0,0.0
0,0.075,nn_cluster_global,Eos,76,0.0,0.0
0,0.075,nn_dist_grid_n1,Lym,76,0.0,0.0
0,0.075,nn_cluster_grid_n1,Eos,76,0.0,0.0
0,0.075,iou_edgecrop_grid_n1,Eos,76,0.0,0.0
0,0.075,iou_edgecrop_grid_n3,Eos,76,0.0,0.0
5,0.2,nn_dist_grid_n4,Eos,4928,792.0,0.16071428571428573
5,0.2,none,Lym,4928,16.0,0.003246753246753247
5,0.2,iou_grid_n5,Eos,4928,917.0,0.18607954545454544
4,0.25,iou_edgecrop_grid_n5,Lym,8176,54.0,0.0066046966731898235
3,0.0,iou_grid_n5,Lym,7730,38.0,0.004915912031047865
3,0.0,nn_dist_global,Lym,7730,38.0,0.004915912031047865
3,0.0,nn_cluster_grid_n3,Lym,7730,38.0,0.004915912031047865
3,0.0,nn_dist_grid_n4,Lym,7730,38.0,0.004915912031047865
3,0.0,nn_center_grid_n2,Lym,7730,38.0,0.004915912031047865
0,0.1,iou_grid_n2,Lym,76,0.0,0.0
0,0.1,nn_center_global,Eos,76,0.0,0.0
3,0.1,iou_global,Eos,9437,2535.0,0.2686235032319593
3,0.25,iou_global,Lym,13405,88.0,0.006564714658709437
4,0.0,nn_cluster_grid_n3,Eos,4768,783.0,0.16421979865771813
4,0.0,iou_grid_n3,Eos,4768,886.0,0.1858221476510067
4,0.0,nn_cluster_grid_n1,Eos,4768,783.0,0.16421979865771813
4,0.0,nn_dist_grid_n2,Eos,4768,783.0,0.16421979865771813
4,0.0,nn_dist_grid_n5,Lym,4768,17.0,0.0035654362416107383
4,0.0,none,Lym,4768,17.0,0.0035654362416107383
4,0.0,nn_cluster_grid_n5,Eos,4768,783.0,0.16421979865771813
0,0.05,nn_center_global,Lym,76,0.0,0.0
0,0.05,nn_dist_grid_n2,Lym,76,0.0,0.0
0,0.05,nn_cluster_grid_n3,Lym,76,0.0,0.0
0,0.15,nn_center_grid_n4,Eos,76,0.0,0.0
0,0.15,nn_dist_grid_n3,Eos,76,0.0,0.0
5,0.25,iou_edgecrop_grid_n4,Lym,5542,24.0,0.004330566582461205
0,0.5,nn_cluster_grid_n4,Lym,76,0.0,0.0
0,0.5,nn_cluster_grid_n2,Lym,76,0.0,0.0
0,0.0,iou_edgecrop_grid_n3,Lym,76,0.0,0.0
0,0.0,iou_edgecrop_grid_n4,Lym,76,0.0,0.0
0,0.2,nn_center_grid_n2,Eos,76,0.0,0.0
0,0.2,nn_dist_grid_n1,Lym,76,0.0,0.0
0,0.2,nn_dist_grid_n5,Lym,76,0.0,0.0
0,0.2,iou_global,Lym,76,0.0,0.0
5,0.25,iou_global,Eos,5542,1150.0,0.20750631540959943
0,0.25,nn_cluster_grid_n1,Lym,76,0.0,0.0
0,0.25,nn_dist_grid_n2,Lym,76,0.0,0.0
0,0.25,nn_center_global,Lym,76,0.0,0.0
0,0.25,nn_dist_grid_n3,Eos,76,0.0,0.0
0,0.25,nn_dist_grid_n4,Eos,76,0.0,0.0
1,0.0,none,Eos,22095,9641.0,0.43634306404163836
2,0.0,nn_cluster_grid_n4,Eos,14887,4757.0,0.31954053872506216
2,0.0,iou_grid_n3,Lym,14887,4.0,0.00026869080405723115
2,0.0,iou_edgecrop_grid_n5,Eos,14887,5958.0,0.4002149526432458
5,0.0,iou_grid_n4,Eos,3263,463.0,0.14189396261109408
5,0.0,nn_center_grid_n1,Lym,3263,6.0,0.0018387986515476554
1,0.0,iou_edgecrop_global,Lym,22095,186.0,0.008418194161575018
1,0.025,nn_center_grid_n1,Lym,23298,85.0,0.003648381835350674
1,0.025,nn_center_grid_n2,Eos,23298,10351.0,0.4442870632672332
1,0.025,nn_center_grid_n3,Lym,23298,97.0,0.00416344750622371
1,0.025,nn_dist_grid_n4,Eos,23298,10365.0,0.44488797321658513
4,0.025,nn_dist_grid_n3,Lym,4972,19.0,0.003821399839098954
4,0.025,nn_dist_grid_n4,Eos,4972,797.0,0.16029766693483508
4,0.025,nn_center_grid_n5,Lym,4972,19.0,0.003821399839098954
4,0.025,nn_cluster_grid_n5,Lym,4972,19.0,0.003821399839098954
4,0.025,nn_center_global,Lym,4972,19.0,0.003821399839098954
4,0.025,iou_grid_n1,Lym,4972,19.0,0.003821399839098954
5,0.025,nn_cluster_grid_n4,Eos,3440,430.0,0.125
5,0.025,nn_dist_grid_n3,Lym,3440,5.0,0.0014534883720930232
2,0.025,nn_center_grid_n4,Eos,15638,5018.0,0.32088502366031463
2,0.025,nn_center_grid_n2,Lym,15638,9.0,0.0005755211663895639
2,0.025,nn_dist_grid_n3,Lym,15638,9.0,0.0005755211663895639
2,0.025,iou_grid_n1,Lym,15638,9.0,0.0005755211663895639
2,0.025,iou_grid_n2,Eos,15638,5503.0,0.35189921984908556
2,0.025,iou_grid_n3,Eos,15638,5502.0,0.35183527305282003
1,0.025,iou_edgecrop_grid_n4,Eos,23298,11892.0,0.510430079835179
3,0.025,iou_grid_n2,Eos,8095,1959.0,0.2420012353304509
3,0.025,iou_grid_n5,Lym,8095,37.0,0.004570722668313774
3,0.025,nn_cluster_grid_n3,Lym,8095,36.0,0.0044471896232242125
3,0.025,nn_cluster_grid_n5,Lym,8095,36.0,0.0044471896232242125
1,0.05,nn_center_grid_n5,Eos,24520,11085.0,0.4520799347471452
1,0.05,nn_center_global,Eos,24520,11086.0,0.45212071778140295
2,0.05,nn_dist_grid_n2,Eos,16505,5524.0,0.3346864586488943
2,0.05,nn_dist_grid_n4,Eos,16505,5526.0,0.3348076340502878
2,0.05,iou_grid_n2,Lym,16505,14.0,0.0008482278097546198
2,0.05,nn_cluster_grid_n3,Eos,16505,5527.0,0.3348682217509846
3,0.05,iou_grid_n4,Lym,8497,41.0,0.0048252324349770505
5,0.05,nn_cluster_grid_n2,Lym,3637,7.0,0.00192466318394281
5,0.05,nn_center_grid_n4,Lym,3637,7.0,0.00192466318394281
5,0.05,nn_cluster_grid_n4,Lym,3637,7.0,0.00192466318394281
5,0.05,iou_grid_n4,Eos,3637,546.0,0.15012372834753918
2,0.075,nn_center_grid_n3,Eos,17382,5934.0,0.34138764238867797
4,0.075,nn_center_grid_n3,Eos,5518,978.0,0.17723812975715839
3,0.075,nn_cluster_grid_n2,Lym,8978,45.0,0.005012252171975941
3,0.075,nn_dist_grid_n1,Eos,8978,2088.0,0.23256850077968366
3,0.075,nn_cluster_grid_n1,Eos,8978,2088.0,0.23256850077968366
3,0.075,iou_grid_n1,Lym,8978,48.0,0.005346402316774337
3,0.075,nn_cluster_global,Lym,8978,45.0,0.005012252171975941
2,0.075,iou_edgecrop_grid_n4,Lym,17382,24.0,0.001380738695201933
1,0.075,nn_cluster_grid_n2,Eos,25901,11968.0,0.4620671016563067
1,0.075,none,Lym,25901,77.0,0.002972858190803444
1,0.075,iou_grid_n4,Eos,25901,12918.0,0.49874522219219336
1,0.075,iou_edgecrop_grid_n2,Eos,25901,13239.0,0.5111385660785298
1,0.1,nn_dist_global,Lym,27338,187.0,0.006840295559294754
1,0.1,nn_center_global,Lym,27338,184.0,0.006730558197380935
2,0.1,nn_cluster_grid_n5,Eos,18295,6383.0,0.34889314020224105
2,0.1,nn_dist_grid_n5,Eos,18295,6383.0,0.34889314020224105
2,0.1,nn_center_grid_n1,Eos,18295,6117.0,0.3343536485378519
2,0.1,nn_cluster_grid_n2,Eos,18295,6381.0,0.34878382071604264
2,0.1,nn_cluster_grid_n3,Lym,18295,18.0,0.0009838753757857339
2,0.1,nn_dist_grid_n4,Eos,18295,6377.0,0.3485651817436458
2,0.1,iou_grid_n2,Eos,18295,7074.0,0.3866630226837934
3,0.1,none,Lym,9437,66.0,0.006993748013139769
1,0.1,iou_edgecrop_global,Eos,27338,14166.0,0.5181798229570561
3,0.1,iou_edgecrop_grid_n4,Eos,9437,2753.0,0.29172406485111796
3,0.1,iou_edgecrop_grid_n2,Lym,9437,72.0,0.007629543287061566
3,0.1,iou_edgecrop_global,Eos,9437,2754.0,0.2918300307301049
4,0.1,iou_grid_n2,Eos,5790,1192.0,0.20587219343696028
4,0.1,iou_grid_n4,Lym,5790,25.0,0.004317789291882556
4,0.1,none,Eos,5790,1000.0,0.17271157167530224
4,0.1,nn_dist_grid_n1,Lym,5790,24.0,0.004145077720207254
4,0.1,nn_dist_grid_n4,Lym,5790,25.0,0.004317789291882556
1,0.15,iou_grid_n3,Lym,30595,283.0,0.00924987743095277
1,0.15,nn_dist_grid_n5,Lym,30595,263.0,0.008596175845726426
1,0.15,nn_cluster_grid_n1,Lym,30595,111.0,0.0036280437980062102
4,0.15,nn_dist_grid_n5,Eos,6422,1224.0,0.19059483027094362
4,0.15,nn_cluster_grid_n2,Eos,6422,1226.0,0.19090625973217065
4,0.15,nn_dist_global,Lym,6422,35.0,0.0054500155714730615
4,0.15,nn_cluster_global,Lym,6422,35.0,0.0054500155714730615
4,0.15,nn_center_grid_n1,Lym,6422,32.0,0.004982871379632514
5,0.15,nn_center_grid_n5,Eos,4397,665.0,0.15123948146463498
2,0.15,nn_center_grid_n4,Lym,20530,24.0,0.0011690209449585973
2,0.15,nn_dist_global,Lym,20530,24.0,0.0011690209449585973
2,0.15,nn_dist_grid_n2,Lym,20530,22.0,0.001071602532878714
3,0.15,iou_edgecrop_grid_n4,Lym,10543,69.0,0.006544626766574978
3,0.15,iou_edgecrop_grid_n3,Lym,10543,69.0,0.006544626766574978
1,0.15,iou_edgecrop_grid_n2,Lym,30595,387.0,0.01264912567412976
1,0.15,iou_global,Eos,30595,16332.0,0.5338127144958327
1,0.2,nn_cluster_grid_n4,Eos,34606,17920.0,0.5178292781598567
1,0.2,nn_center_global,Lym,34606,381.0,0.011009651505519275
1,0.2,iou_grid_n1,Lym,34606,153.0,0.004421198636074669
1,0.2,iou_grid_n2,Eos,34606,19404.0,0.5607120152574698
2,0.2,nn_cluster_grid_n2,Eos,23137,9029.0,0.3902407399403553
2,0.2,iou_grid_n1,Eos,23137,8873.0,0.3834982927778018
2,0.2,nn_cluster_grid_n3,Lym,23137,40.0,0.001728832605782945
2,0.2,iou_edgecrop_grid_n1,Lym,23137,44.0,0.0019017158663612395
2,0.2,iou_edgecrop_grid_n4,Eos,23137,10370.0,0.4481998530492285
3,0.2,iou_edgecrop_grid_n3,Eos,11848,3917.0,0.33060432140445645
4,0.2,nn_cluster_grid_n2,Eos,7201,1445.0,0.20066657408693236
4,0.2,nn_dist_global,Eos,7201,1449.0,0.20122205249270936
3,0.2,nn_dist_grid_n2,Eos,11848,3216.0,0.2714382174206617
3,0.2,iou_grid_n4,Eos,11848,3679.0,0.3105165428764348
3,0.2,nn_dist_global,Lym,11848,86.0,0.00725860904794058
3,0.2,nn_center_grid_n1,Lym,11848,75.0,0.0063301823092505064
3,0.2,iou_grid_n1,Eos,11848,3280.0,0.27683997299122215
1,0.25,nn_cluster_grid_n5,Eos,39308,21478.0,0.5464027678844001
1,0.25,nn_dist_grid_n4,Eos,39308,21482.0,0.546504528340287
1,0.25,nn_center_global,Eos,39308,21478.0,0.5464027678844001
4,0.25,nn_dist_global,Eos,8176,1807.0,0.22101272015655576
4,0.25,nn_dist_grid_n2,Lym,8176,37.0,0.004525440313111546
4,0.25,iou_grid_n1,Eos,8176,1813.0,0.22174657534246575
2,0.25,nn_center_grid_n1,Lym,26287,36.0,0.001369498231064785
2,0.25,nn_cluster_grid_n1,Eos,26287,9509.0,0.3617377410887511
2,0.25,nn_center_global,Eos,26287,10942.0,0.41625137900863546
2,0.25,nn_center_grid_n3,Lym,26287,69.0,0.0026248716095408375
2,0.25,iou_edgecrop_grid_n3,Lym,26287,118.0,0.004488910868490128
2,0.25,iou_edgecrop_grid_n2,Eos,26287,12453.0,0.47373226309582683
2,0.25,iou_edgecrop_grid_n4,Eos,26287,12458.0,0.47392247118347475
3,0.25,nn_dist_grid_n3,Lym,13405,88.0,0.006564714658709437
3,0.25,none,Lym,13405,77.0,0.005744125326370757
3,0.25,iou_grid_n3,Eos,13405,4509.0,0.33636702722864603
5,0.25,nn_dist_grid_n4,Eos,5542,991.0,0.17881631180079394
5,0.25,nn_center_grid_n5,Eos,5542,989.0,0.1784554312522555
5,0.25,nn_cluster_grid_n1,Lym,5542,17.0,0.003067484662576687
1,0.5,nn_dist_grid_n3,Lym,88352,5357.0,0.060632470119521914
1,0.5,iou_grid_n1,Lym,88352,413.0,0.0046744838826512135
1,0.5,iou_edgecrop_grid_n3,Lym,88352,6798.0,0.07694223107569721
3,0.5,iou_grid_n5,Lym,29624,403.0,0.013603834728598434
3,0.5,nn_dist_global,Eos,29624,12879.0,0.43474885228193355
3,0.5,nn_cluster_grid_n3,Eos,29624,12896.0,0.4353227113151499
3,0.5,iou_grid_n4,Eos,29624,14355.0,0.4845733189305968
5,0.5,nn_cluster_grid_n4,Eos,11800,3144.0,0.2664406779661017
2,0.5,iou_grid_n4,Lym,58736,927.0,0.015782484336693
2,0.5,iou_edgecrop_global,Eos,58736,37238.0,0.6339893761917733
4,0.5,iou_global,Lym,17666,171.0,0.009679610551341561
2,0.5,iou_global,Lym,58736,917.0,0.015612230999727595
3,0.025,iou_edgecrop_global,Lym,8095,54.0,0.006670784434836319
3,0.025,iou_edgecrop_grid_n3,Lym,8095,54.0,0.006670784434836319
0,0.025,iou_grid_n3,Eos,76,0.0,0.0
0,0.025,nn_cluster_grid_n5,Eos,76,0.0,0.0
0,0.025,iou_edgecrop_grid_n4,Lym,76,0.0,0.0
0,0.025,iou_global,Eos,76,0.0,0.0
1,0.05,iou_global,Lym,24520,137.0,0.005587275693311583
4,0.05,nn_dist_global,Eos,5234,896.0,0.1711883836453955
4,0.05,iou_grid_n2,Lym,5234,14.0,0.0026748184944593045
5,0.075,nn_center_grid_n3,Eos,3810,533.0,0.13989501312335959
5,0.075,nn_center_grid_n1,Eos,3810,518.0,0.13595800524934384
2,0.1,iou_edgecrop_grid_n4,Eos,18295,7400.0,0.404482098934135
3,0.15,nn_cluster_grid_n5,Lym,10543,59.0,0.005596130133738025
3,0.15,nn_center_grid_n2,Lym,10543,59.0,0.005596130133738025
3,0.15,nn_center_grid_n3,Lym,10543,59.0,0.005596130133738025
3,0.15,nn_cluster_global,Eos,10543,2691.0,0.25524044389642414
3,0.15,nn_dist_grid_n1,Eos,10543,2518.0,0.23883145214834486
2,0.15,iou_edgecrop_grid_n2,Eos,20530,8714.0,0.42445202143205063
1,0.25,iou_global,Lym,39308,581.0,0.014780706217563855
4,0.5,nn_dist_grid_n4,Lym,17666,161.0,0.009113551454771877
4,0.5,nn_center_grid_n4,Lym,17666,163.0,0.009226763274085814
4,0.0,iou_global,Eos,4768,887.0,0.18603187919463088
4,0.05,iou_edgecrop_grid_n1,Lym,5234,24.0,0.0045854031333588076
4,0.05,iou_edgecrop_grid_n4,Lym,5234,24.0,0.0045854031333588076
5,0.075,iou_edgecrop_grid_n2,Lym,3810,10.0,0.0026246719160104987
5,0.075,iou_edgecrop_grid_n4,Eos,3810,693.0,0.18188976377952756
0,0.075,nn_dist_grid_n5,Eos,76,0.0,0.0
0,0.075,nn_cluster_grid_n5,Lym,76,0.0,0.0
0,0.075,iou_grid_n2,Lym,76,0.0,0.0
0,0.075,nn_dist_global,Eos,76,0.0,0.0
0,0.075,nn_cluster_grid_n2,Eos,76,0.0,0.0
0,0.075,iou_edgecrop_global,Eos,76,0.0,0.0
4,0.1,iou_edgecrop_global,Lym,5790,28.0,0.004835924006908463
5,0.2,iou_edgecrop_grid_n4,Eos,4928,1039.0,0.21083603896103897
5,0.2,nn_center_grid_n4,Eos,4928,791.0,0.16051136363636365
5,0.2,nn_cluster_grid_n4,Lym,4928,19.0,0.0038555194805194805
5,0.2,nn_dist_grid_n5,Eos,4928,789.0,0.1601055194805195
4,0.5,iou_edgecrop_grid_n2,Lym,17666,212.0,0.012000452847277255
2,0.0,iou_global,Lym,14887,4.0,0.00026869080405723115
3,0.0,nn_dist_grid_n2,Eos,7730,1686.0,0.21811125485122898
3,0.0,nn_dist_grid_n3,Lym,7730,38.0,0.004915912031047865
0,0.1,none,Eos,76,0.0,0.0
0,0.1,iou_grid_n1,Lym,76,0.0,0.0
0,0.1,iou_grid_n4,Eos,76,0.0,0.0
0,0.1,nn_cluster_global,Eos,76,0.0,0.0
0,0.1,nn_center_grid_n2,Eos,76,0.0,0.0
0,0.1,nn_cluster_grid_n3,Lym,76,0.0,0.0
0,0.1,iou_edgecrop_global,Eos,76,0.0,0.0
5,0.1,nn_center_grid_n4,Lym,3959,12.0,0.0030310684516291994
5,0.1,nn_center_grid_n3,Eos,3959,539.0,0.1361454912856782
5,0.1,nn_cluster_grid_n1,Eos,3959,528.0,0.13336701187168476
4,0.0,iou_grid_n2,Lym,4768,17.0,0.0035654362416107383
4,0.0,nn_center_grid_n1,Eos,4768,783.0,0.16421979865771813
5,0.0,iou_global,Eos,3263,464.0,0.1422004290530187
0,0.0,iou_grid_n3,Eos,76,0.0,0.0
0,0.0,nn_center_grid_n2,Eos,76,0.0,0.0
0,0.0,nn_dist_grid_n3,Eos,76,0.0,0.0
3,0.0,iou_edgecrop_grid_n5,Eos,7730,2246.0,0.2905562742561449
0,0.05,nn_cluster_grid_n1,Eos,76,0.0,0.0
0,0.05,nn_center_grid_n3,Lym,76,0.0,0.0
0,0.05,nn_cluster_grid_n5,Eos,76,0.0,0.0
5,0.15,iou_global,Lym,4397,17.0,0.003866272458494428
0,0.15,nn_center_grid_n3,Eos,76,0.0,0.0
0,0.15,nn_center_grid_n5,Lym,76,0.0,0.0
0,0.15,iou_edgecrop_global,Lym,76,0.0,0.0
0,0.15,iou_edgecrop_grid_n1,Eos,76,0.0,0.0
0,0.5,nn_dist_grid_n1,Lym,76,0.0,0.0
0,0.5,none,Eos,76,0.0,0.0
0,0.5,nn_dist_grid_n2,Lym,76,0.0,0.0
0,0.5,iou_edgecrop_grid_n2,Lym,76,0.0,0.0
0,0.5,iou_edgecrop_grid_n1,Eos,76,0.0,0.0
5,0.025,iou_edgecrop_grid_n2,Lym,3440,12.0,0.0034883720930232558
5,0.025,iou_edgecrop_grid_n5,Eos,3440,636.0,0.18488372093023256
0,0.2,nn_dist_grid_n4,Eos,76,0.0,0.0
0,0.2,nn_cluster_grid_n4,Eos,76,0.0,0.0
0,0.2,nn_cluster_grid_n5,Eos,76,0.0,0.0
0,0.2,none,Eos,76,0.0,0.0
0,0.2,iou_grid_n1,Eos,76,0.0,0.0
0,0.2,iou_edgecrop_global,Eos,76,0.0,0.0
0,0.2,iou_edgecrop_grid_n2,Eos,76,0.0,0.0
0,0.2,iou_edgecrop_grid_n3,Eos,76,0.0,0.0
0,0.25,iou_grid_n4,Lym,76,0.0,0.0
0,0.25,nn_dist_grid_n5,Eos,76,0.0,0.0
0,0.25,iou_edgecrop_grid_n1,Lym,76,0.0,0.0
4,0.25,iou_global,Lym,8176,39.0,0.0047700587084148725
1,0.0,none,Lym,22095,82.0,0.0037112468884362977
2,0.0,iou_grid_n3,Eos,14887,5262.0,0.35346275273728756
2,0.0,nn_cluster_grid_n4,Lym,14887,4.0,0.00026869080405723115
2,0.0,iou_edgecrop_grid_n5,Lym,14887,15.0,0.0010075905152146167
5,0.0,iou_grid_n4,Lym,3263,6.0,0.0018387986515476554
5,0.0,nn_center_grid_n1,Eos,3263,399.0,0.12228011032791909
1,0.0,iou_edgecrop_global,Eos,22095,11208.0,0.5072640868974881
1,0.025,nn_center_grid_n1,Eos,23298,10251.0,0.43999484934329125
1,0.025,nn_center_grid_n2,Lym,23298,97.0,0.00416344750622371
1,0.025,nn_center_grid_n3,Eos,23298,10354.0,0.4444158296849515
1,0.025,nn_dist_grid_n4,Lym,23298,98.0,0.00420636964546313
4,0.025,nn_dist_grid_n3,Eos,4972,798.0,0.16049879324215607
4,0.025,nn_dist_grid_n4,Lym,4972,19.0,0.003821399839098954
4,0.025,nn_center_grid_n5,Eos,4972,797.0,0.16029766693483508
4,0.025,nn_cluster_grid_n5,Eos,4972,798.0,0.16049879324215607
4,0.025,nn_center_global,Eos,4972,797.0,0.16029766693483508
4,0.025,iou_grid_n1,Eos,4972,891.0,0.17920353982300885
5,0.025,nn_cluster_grid_n4,Lym,3440,5.0,0.0014534883720930232
5,0.025,nn_dist_grid_n3,Eos,3440,430.0,0.125
2,0.025,nn_center_grid_n4,Lym,15638,9.0,0.0005755211663895639
2,0.025,nn_center_grid_n2,Eos,15638,5017.0,0.3208210768640491
2,0.025,nn_dist_grid_n3,Eos,15638,5021.0,0.3210768640491111
2,0.025,iou_grid_n1,Eos,15638,5500.0,0.351707379460289
2,0.025,iou_grid_n2,Lym,15638,9.0,0.0005755211663895639
2,0.025,iou_grid_n3,Lym,15638,9.0,0.0005755211663895639
1,0.025,iou_edgecrop_grid_n4,Lym,23298,199.0,0.00854150570864452
3,0.025,iou_grid_n2,Lym,8095,37.0,0.004570722668313774
3,0.025,iou_grid_n5,Eos,8095,1957.0,0.24175416924027177
3,0.025,nn_cluster_grid_n5,Eos,8095,1757.0,0.2170475602223595
3,0.025,nn_cluster_grid_n3,Eos,8095,1757.0,0.2170475602223595
1,0.05,nn_center_grid_n5,Lym,24520,129.0,0.005261011419249592
1,0.05,nn_center_global,Lym,24520,127.0,0.005179445350734095
2,0.05,nn_dist_grid_n2,Lym,16505,14.0,0.0008482278097546198
2,0.05,iou_grid_n2,Eos,16505,6116.0,0.3705543774613753
2,0.05,nn_cluster_grid_n3,Lym,16505,14.0,0.0008482278097546198
2,0.05,nn_dist_grid_n4,Lym,16505,14.0,0.0008482278097546198
3,0.05,iou_grid_n4,Eos,8497,2191.0,0.2578557137813346
5,0.05,nn_cluster_grid_n2,Eos,3637,479.0,0.1317019521583723
5,0.05,nn_center_grid_n4,Eos,3637,478.0,0.13142700027495188
5,0.05,nn_cluster_grid_n4,Eos,3637,479.0,0.1317019521583723
5,0.05,iou_grid_n4,Lym,3637,7.0,0.00192466318394281
2,0.075,nn_center_grid_n3,Lym,17382,15.0,0.0008629616845012082
4,0.075,nn_center_grid_n3,Lym,5518,25.0,0.004530627038782167
3,0.075,nn_cluster_grid_n2,Eos,8978,2141.0,0.23847182000445533
3,0.075,nn_dist_grid_n1,Lym,8978,44.0,0.004900868790376476
3,0.075,nn_cluster_grid_n1,Lym,8978,44.0,0.004900868790376476
3,0.075,iou_grid_n1,Eos,8978,2320.0,0.25840944531075966
3,0.075,nn_cluster_global,Eos,8978,2142.0,0.2385832033860548
2,0.075,iou_edgecrop_grid_n4,Eos,17382,6937.0,0.3990910136923254
1,0.075,nn_cluster_grid_n2,Lym,25901,127.0,0.004903285587429057
1,0.075,none,Eos,25901,11410.0,0.44052353190996485
1,0.075,iou_grid_n4,Lym,25901,142.0,0.005482413806416741
1,0.075,iou_edgecrop_grid_n2,Lym,25901,198.0,0.0076444924906374275
1,0.1,nn_dist_global,Eos,27338,12937.0,0.47322408369302804
1,0.1,nn_center_global,Eos,27338,12931.0,0.4730046089692004
2,0.1,nn_cluster_grid_n5,Lym,18295,18.0,0.0009838753757857339
2,0.1,nn_dist_grid_n5,Lym,18295,18.0,0.0009838753757857339
2,0.1,nn_center_grid_n1,Lym,18295,12.0,0.0006559169171904892
2,0.1,nn_cluster_grid_n2,Lym,18295,18.0,0.0009838753757857339
2,0.1,nn_cluster_grid_n3,Eos,18295,6382.0,0.34883848045914184
2,0.1,nn_dist_grid_n4,Lym,18295,19.0,0.0010385351188849413
2,0.1,iou_grid_n2,Lym,18295,19.0,0.0010385351188849413
3,0.1,none,Eos,9437,2168.0,0.2297340256437427
1,0.1,iou_edgecrop_global,Lym,27338,267.0,0.009766625210329944
3,0.1,iou_edgecrop_grid_n4,Lym,9437,72.0,0.007629543287061566
3,0.1,iou_edgecrop_grid_n2,Eos,9437,2750.0,0.291406167214157
3,0.1,iou_edgecrop_global,Lym,9437,72.0,0.007629543287061566
4,0.1,iou_grid_n2,Lym,5790,25.0,0.004317789291882556
4,0.1,iou_grid_n4,Eos,5790,1191.0,0.20569948186528497
4,0.1,none,Lym,5790,24.0,0.004145077720207254
4,0.1,nn_dist_grid_n1,Eos,5790,1000.0,0.17271157167530224
4,0.1,nn_dist_grid_n4,Eos,5790,1033.0,0.17841105354058723
1,0.15,iou_grid_n3,Eos,30595,16332.0,0.5338127144958327
1,0.15,nn_dist_grid_n5,Eos,30595,15110.0,0.49387154763850305
1,0.15,nn_cluster_grid_n1,Eos,30595,13511.0,0.4416081058996568
4,0.15,nn_dist_grid_n5,Lym,6422,35.0,0.0054500155714730615
4,0.15,nn_cluster_grid_n2,Lym,6422,35.0,0.0054500155714730615
4,0.15,nn_dist_global,Eos,6422,1226.0,0.19090625973217065
4,0.15,nn_cluster_global,Eos,6422,1226.0,0.19090625973217065
4,0.15,nn_center_grid_n1,Eos,6422,1162.0,0.18094051697290564
5,0.15,nn_center_grid_n5,Lym,4397,17.0,0.003866272458494428
2,0.15,nn_center_grid_n4,Eos,20530,7553.0,0.36790063321967853
2,0.15,nn_dist_global,Eos,20530,7557.0,0.3680954700438383
2,0.15,nn_dist_grid_n2,Eos,20530,7560.0,0.36824159766195813
3,0.15,iou_edgecrop_grid_n4,Eos,10543,3259.0,0.30911505264156314
3,0.15,iou_edgecrop_grid_n3,Eos,10543,3261.0,0.3093047519681305
1,0.15,iou_edgecrop_grid_n2,Eos,30595,16520.0,0.5399575093969603
1,0.15,iou_global,Lym,30595,291.0,0.009511358065043309
1,0.2,nn_cluster_grid_n4,Lym,34606,398.0,0.01150089579841646
1,0.2,iou_grid_n1,Eos,34606,16285.0,0.4705831358723921
1,0.2,iou_grid_n2,Lym,34606,411.0,0.011876553198867249
1,0.2,nn_center_global,Eos,34606,17951.0,0.5187250765763163
2,0.2,nn_cluster_grid_n2,Lym,23137,40.0,0.001728832605782945
2,0.2,iou_grid_n1,Lym,23137,27.0,0.0011669620089034879
2,0.2,nn_cluster_grid_n3,Eos,23137,9030.0,0.39028396075549987
2,0.2,iou_edgecrop_grid_n1,Eos,23137,9719.0,0.4200631023901111
2,0.2,iou_edgecrop_grid_n4,Lym,23137,60.0,0.0025932489086744176
3,0.2,iou_edgecrop_grid_n3,Lym,11848,94.0,0.007933828494260635
4,0.2,nn_cluster_grid_n2,Lym,7201,36.0,0.004999305651992779
4,0.2,nn_dist_global,Lym,7201,36.0,0.004999305651992779
3,0.2,nn_dist_grid_n2,Lym,11848,84.0,0.0070898041863605675
3,0.2,iou_grid_n4,Lym,11848,92.0,0.007765023632680621
3,0.2,nn_dist_global,Eos,11848,3210.0,0.27093180283592166
3,0.2,iou_grid_n1,Lym,11848,78.0,0.006583389601620527
3,0.2,nn_center_grid_n1,Eos,11848,2964.0,0.25016880486158
1,0.25,nn_cluster_grid_n5,Lym,39308,529.0,0.013457820291034903
1,0.25,nn_dist_grid_n4,Lym,39308,546.0,0.013890302228553983
1,0.25,nn_center_global,Lym,39308,527.0,0.013406940063091483
4,0.25,nn_dist_global,Lym,8176,37.0,0.004525440313111546
4,0.25,iou_grid_n1,Lym,8176,36.0,0.004403131115459882
4,0.25,nn_dist_grid_n2,Eos,8176,1805.0,0.22076810176125244
2,0.25,nn_center_grid_n1,Eos,26287,9509.0,0.3617377410887511
2,0.25,nn_cluster_grid_n1,Lym,26287,36.0,0.001369498231064785
2,0.25,nn_center_global,Lym,26287,71.0,0.0027009548445999926
2,0.25,nn_center_grid_n3,Eos,26287,10919.0,0.41537642180545514
2,0.25,iou_edgecrop_grid_n3,Eos,26287,12465.0,0.47418876250618175
2,0.25,iou_edgecrop_grid_n2,Lym,26287,120.0,0.004564994103549283
2,0.25,iou_edgecrop_grid_n4,Lym,26287,121.0,0.00460303572107886
3,0.25,nn_dist_grid_n3,Eos,13405,3972.0,0.29630734800447595
3,0.25,none,Eos,13405,3553.0,0.26505035434539354
3,0.25,iou_grid_n3,Lym,13405,88.0,0.006564714658709437
5,0.25,nn_dist_grid_n4,Lym,5542,17.0,0.003067484662576687
5,0.25,nn_center_grid_n5,Lym,5542,18.0,0.003247924936845904
5,0.25,nn_cluster_grid_n1,Eos,5542,888.0,0.1602309635510646
1,0.5,nn_dist_grid_n3,Eos,88352,61878.0,0.7003576602680188
1,0.5,iou_grid_n1,Eos,88352,41814.0,0.4732660268018834
1,0.5,iou_edgecrop_grid_n3,Eos,88352,65700.0,0.7436164433176385
3,0.5,iou_grid_n5,Eos,29624,14351.0,0.4844382932757224
3,0.5,nn_dist_global,Lym,29624,386.0,0.013029975695382123
3,0.5,nn_cluster_grid_n3,Lym,29624,392.0,0.013232514177693762
3,0.5,iou_grid_n4,Lym,29624,419.0,0.014143937348096138
5,0.5,nn_cluster_grid_n4,Lym,11800,79.0,0.006694915254237288
2,0.5,iou_grid_n4,Eos,58736,36162.0,0.6156701171342959
2,0.5,iou_edgecrop_global,Lym,58736,1334.0,0.022711795151184964
4,0.5,iou_global,Eos,17666,6815.0,0.3857692743122382
2,0.5,iou_global,Eos,58736,36142.0,0.615329610460365
3,0.025,iou_edgecrop_global,Eos,8095,2331.0,0.28795552810376773
3,0.025,iou_edgecrop_grid_n3,Eos,8095,2327.0,0.2874613959234095
0,0.025,iou_grid_n3,Lym,76,0.0,0.0
0,0.025,nn_cluster_grid_n5,Lym,76,0.0,0.0
0,0.025,iou_edgecrop_grid_n4,Eos,76,0.0,0.0
0,0.025,iou_global,Lym,76,0.0,0.0
1,0.05,iou_global,Eos,24520,11961.0,0.4878058727569331
4,0.05,nn_dist_global,Lym,5234,13.0,0.002483760030569354
4,0.05,iou_grid_n2,Eos,5234,1047.0,0.200038211692778
5,0.075,nn_center_grid_n3,Lym,3810,7.0,0.001837270341207349
5,0.075,nn_center_grid_n1,Lym,3810,7.0,0.001837270341207349
2,0.1,iou_edgecrop_grid_n4,Lym,18295,25.0,0.001366493577480186
3,0.15,nn_cluster_grid_n5,Eos,10543,2691.0,0.25524044389642414
3,0.15,nn_center_grid_n2,Eos,10543,2692.0,0.25533529355970785
3,0.15,nn_center_grid_n3,Eos,10543,2686.0,0.2547661955800057
3,0.15,nn_cluster_global,Lym,10543,59.0,0.005596130133738025
3,0.15,nn_dist_grid_n1,Lym,10543,56.0,0.005311581143886939
2,0.15,iou_edgecrop_grid_n2,Lym,20530,31.0,0.001509985387238188
1,0.25,iou_global,Eos,39308,23064.0,0.5867507886435331
4,0.5,nn_dist_grid_n4,Eos,17666,5905.0,0.33425789652439714
4,0.5,nn_center_grid_n4,Eos,17666,5905.0,0.33425789652439714
4,0.0,iou_global,Lym,4768,17.0,0.0035654362416107383
4,0.05,iou_edgecrop_grid_n1,Eos,5234,1211.0,0.23137179977072983
4,0.05,iou_edgecrop_grid_n4,Eos,5234,1210.0,0.23118074130683988
5,0.075,iou_edgecrop_grid_n2,Eos,3810,693.0,0.18188976377952756
5,0.075,iou_edgecrop_grid_n4,Lym,3810,10.0,0.0026246719160104987
0,0.075,nn_dist_grid_n5,Lym,76,0.0,0.0
0,0.075,nn_cluster_grid_n5,Eos,76,0.0,0.0
0,0.075,iou_grid_n2,Eos,76,0.0,0.0
0,0.075,nn_dist_global,Lym,76,0.0,0.0
0,0.075,nn_cluster_grid_n2,Lym,76,0.0,0.0
0,0.075,iou_edgecrop_global,Lym,76,0.0,0.0
4,0.1,iou_edgecrop_global,Eos,5790,1324.0,0.22867012089810018
5,0.2,iou_edgecrop_grid_n4,Lym,4928,19.0,0.0038555194805194805
5,0.2,nn_center_grid_n4,Lym,4928,19.0,0.0038555194805194805
5,0.2,nn_cluster_grid_n4,Eos,4928,791.0,0.16051136363636365
5,0.2,nn_dist_grid_n5,Lym,4928,19.0,0.0038555194805194805
4,0.5,iou_edgecrop_grid_n2,Eos,17666,7341.0,0.4155439827918035
2,0.0,iou_global,Eos,14887,5263.0,0.35352992543830186
3,0.0,nn_dist_grid_n2,Lym,7730,38.0,0.004915912031047865
3,0.0,nn_dist_grid_n3,Eos,7730,1686.0,0.21811125485122898
0,0.1,none,Lym,76,0.0,0.0
0,0.1,iou_grid_n1,Eos,76,0.0,0.0
0,0.1,iou_grid_n4,Lym,76,0.0,0.0
0,0.1,nn_cluster_global,Lym,76,0.0,0.0
0,0.1,nn_center_grid_n2,Lym,76,0.0,0.0
0,0.1,nn_cluster_grid_n3,Eos,76,0.0,0.0
0,0.1,iou_edgecrop_global,Lym,76,0.0,0.0
5,0.1,nn_center_grid_n4,Eos,3959,539.0,0.1361454912856782
5,0.1,nn_center_grid_n3,Lym,3959,12.0,0.0030310684516291994
5,0.1,nn_cluster_grid_n1,Lym,3959,12.0,0.0030310684516291994
4,0.0,nn_center_grid_n1,Lym,4768,17.0,0.0035654362416107383
4,0.0,iou_grid_n2,Eos,4768,885.0,0.18561241610738255
5,0.0,iou_global,Lym,3263,6.0,0.0018387986515476554
0,0.0,iou_grid_n3,Lym,76,0.0,0.0
0,0.0,nn_center_grid_n2,Lym,76,0.0,0.0
0,0.0,nn_dist_grid_n3,Lym,76,0.0,0.0
3,0.0,iou_edgecrop_grid_n5,Lym,7730,48.0,0.006209573091849935
0,0.05,nn_cluster_grid_n1,Lym,76,0.0,0.0
0,0.05,nn_center_grid_n3,Eos,76,0.0,0.0
0,0.05,nn_cluster_grid_n5,Lym,76,0.0,0.0
5,0.15,iou_global,Eos,4397,780.0,0.1773936775073914
0,0.15,nn_center_grid_n3,Lym,76,0.0,0.0
0,0.15,nn_center_grid_n5,Eos,76,0.0,0.0
0,0.15,iou_edgecrop_global,Eos,76,0.0,0.0
0,0.15,iou_edgecrop_grid_n1,Lym,76,0.0,0.0
0,0.5,nn_dist_grid_n1,Eos,76,0.0,0.0
0,0.5,none,Lym,76,0.0,0.0
0,0.5,nn_dist_grid_n2,Eos,76,0.0,0.0
0,0.5,iou_edgecrop_grid_n2,Eos,76,0.0,0.0
0,0.5,iou_edgecrop_grid_n1,Lym,76,0.0,0.0
5,0.025,iou_edgecrop_grid_n2,Eos,3440,636.0,0.18488372093023256
5,0.025,iou_edgecrop_grid_n5,Lym,3440,11.0,0.003197674418604651
0,0.2,nn_dist_grid_n4,Lym,76,0.0,0.0
0,0.2,nn_cluster_grid_n4,Lym,76,0.0,0.0
0,0.2,nn_cluster_grid_n5,Lym,76,0.0,0.0
0,0.2,none,Lym,76,0.0,0.0
0,0.2,iou_grid_n1,Lym,76,0.0,0.0
0,0.2,iou_edgecrop_global,Lym,76,0.0,0.0
0,0.2,iou_edgecrop_grid_n2,Lym,76,0.0,0.0
0,0.2,iou_edgecrop_grid_n3,Lym,76,0.0,0.0
0,0.25,iou_grid_n4,Eos,76,0.0,0.0
0,0.25,nn_dist_grid_n5,Lym,76,0.0,0.0
0,0.25,iou_edgecrop_grid_n1,Eos,76,0.0,0.0
4,0.25,iou_global,Eos,8176,2106.0,0.25758317025440314
1,0.0,nn_center_grid_n2,Eos,22095,9643.0,0.4364335822584295
1,0.0,nn_dist_grid_n3,Eos,22095,9647.0,0.4366146186920118
1,0.0,nn_cluster_grid_n4,Eos,22095,9647.0,0.4366146186920118
1,0.0,iou_global,Eos,22095,10405.0,0.47092102285584975
2,0.0,nn_dist_grid_n5,Eos,14887,4757.0,0.31954053872506216
2,0.0,nn_dist_grid_n1,Lym,14887,4.0,0.00026869080405723115
2,0.0,nn_dist_grid_n3,Eos,14887,4757.0,0.31954053872506216
2,0.0,nn_center_grid_n3,Lym,14887,4.0,0.00026869080405723115
2,0.0,nn_cluster_grid_n2,Eos,14887,4757.0,0.31954053872506216
5,0.0,iou_grid_n3,Eos,3263,463.0,0.14189396261109408
5,0.0,nn_cluster_grid_n1,Lym,3263,6.0,0.0018387986515476554
5,0.0,iou_edgecrop_grid_n2,Lym,3263,7.0,0.0021452650934722646
4,0.025,nn_center_grid_n1,Lym,4972,19.0,0.003821399839098954
4,0.025,nn_cluster_grid_n2,Eos,4972,798.0,0.16049879324215607
4,0.025,iou_grid_n2,Eos,4972,894.0,0.17980691874497184
5,0.025,nn_cluster_grid_n3,Lym,3440,5.0,0.0014534883720930232
5,0.025,iou_grid_n4,Eos,3440,491.0,0.1427325581395349
2,0.025,nn_cluster_grid_n5,Eos,15638,5025.0,0.32133265123417315
2,0.025,nn_cluster_grid_n3,Lym,15638,9.0,0.0005755211663895639
2,0.025,nn_dist_grid_n2,Eos,15638,5020.0,0.32101291725284564
2,0.025,nn_dist_global,Eos,15638,5022.0,0.32114081084537666
2,0.025,iou_edgecrop_grid_n5,Lym,15638,27.0,0.0017265634991686916
3,0.025,nn_center_grid_n1,Lym,8095,36.0,0.0044471896232242125
1,0.05,nn_center_grid_n4,Eos,24520,11084.0,0.45203915171288744
1,0.05,nn_dist_grid_n3,Lym,24520,129.0,0.005261011419249592
1,0.05,none,Eos,24520,10794.0,0.4402120717781403
1,0.05,iou_grid_n1,Lym,24520,110.0,0.004486133768352365
1,0.05,iou_grid_n4,Lym,24520,136.0,0.005546492659053833
1,0.05,nn_center_grid_n2,Lym,24520,128.0,0.0052202283849918435
2,0.05,nn_dist_global,Eos,16505,5523.0,0.3346258709481975
3,0.05,iou_grid_n2,Eos,8497,2195.0,0.2583264681652348
5,0.05,nn_center_grid_n5,Lym,3637,7.0,0.00192466318394281
5,0.05,iou_grid_n1,Eos,3637,527.0,0.14489964256255156
1,0.05,iou_edgecrop_grid_n5,Eos,24520,12490.0,0.5093800978792822
2,0.075,nn_center_grid_n5,Eos,17382,5933.0,0.3413301116097112
2,0.075,nn_center_grid_n1,Eos,17382,5756.0,0.33114716373259695
2,0.075,nn_center_grid_n2,Eos,17382,5937.0,0.34156023472557817
4,0.075,nn_cluster_grid_n5,Eos,5518,976.0,0.1768756795940558
3,0.075,nn_dist_grid_n3,Eos,8978,2136.0,0.23791490309645802
3,0.075,nn_center_grid_n3,Lym,8978,45.0,0.005012252171975941
3,0.075,nn_cluster_grid_n4,Eos,8978,2142.0,0.2385832033860548
3,0.075,nn_center_global,Lym,8978,45.0,0.005012252171975941
1,0.075,nn_cluster_grid_n5,Lym,25901,127.0,0.004903285587429057
1,0.075,nn_dist_grid_n1,Eos,25901,11410.0,0.44052353190996485
3,0.075,iou_edgecrop_grid_n1,Lym,8978,55.0,0.006126085987970595
1,0.075,iou_edgecrop_grid_n4,Eos,25901,13236.0,0.5110227404347323
1,0.1,iou_grid_n2,Eos,27338,13999.0,0.5120711098105202
1,0.1,nn_cluster_global,Lym,27338,187.0,0.006840295559294754
1,0.1,nn_center_grid_n3,Lym,27338,184.0,0.006730558197380935
1,0.1,nn_cluster_grid_n5,Eos,27338,12934.0,0.4731143463311142
2,0.1,nn_center_grid_n5,Eos,18295,6382.0,0.34883848045914184
2,0.1,nn_dist_grid_n2,Lym,18295,18.0,0.0009838753757857339
2,0.1,nn_dist_grid_n3,Lym,18295,18.0,0.0009838753757857339
3,0.1,nn_cluster_grid_n5,Eos,9437,2242.0,0.23757550068877822
3,0.1,nn_cluster_grid_n1,Lym,9437,66.0,0.006993748013139769
3,0.1,iou_grid_n1,Eos,9437,2405.0,0.2548479389636537
3,0.1,iou_edgecrop_grid_n1,Eos,9437,2737.0,0.2900286107873265
4,0.1,nn_cluster_grid_n1,Lym,5790,24.0,0.004145077720207254
4,0.1,nn_dist_grid_n2,Lym,5790,25.0,0.004317789291882556
1,0.15,iou_grid_n1,Lym,30595,130.0,0.004249060303971237
1,0.15,iou_grid_n2,Lym,30595,286.0,0.009347932668736722
1,0.15,nn_cluster_grid_n2,Eos,30595,15101.0,0.49357738192515116
1,0.15,nn_dist_grid_n3,Eos,30595,15106.0,0.49374080732145775
1,0.15,nn_center_grid_n1,Eos,30595,13511.0,0.4416081058996568
4,0.15,none,Lym,6422,32.0,0.004982871379632514
4,0.15,nn_cluster_grid_n1,Eos,6422,1162.0,0.18094051697290564
4,0.15,iou_grid_n3,Lym,6422,35.0,0.0054500155714730615
4,0.15,nn_center_global,Lym,6422,35.0,0.0054500155714730615
4,0.15,iou_global,Eos,6422,1419.0,0.22095920274057926
5,0.15,nn_cluster_grid_n5,Eos,4397,670.0,0.1523766204230157
5,0.15,nn_dist_grid_n1,Lym,4397,17.0,0.003866272458494428
5,0.15,nn_cluster_grid_n1,Eos,4397,633.0,0.1439617921309984
5,0.15,nn_dist_grid_n2,Eos,4397,663.0,0.1507846258812827
2,0.15,nn_dist_grid_n4,Eos,20530,7559.0,0.3681928884559182
2,0.15,iou_grid_n3,Eos,20530,8384.0,0.40837798343886994
2,0.15,nn_cluster_grid_n1,Eos,20530,7007.0,0.34130540672187043
3,0.15,iou_edgecrop_grid_n2,Lym,10543,69.0,0.006544626766574978
1,0.2,nn_cluster_grid_n3,Eos,34606,17919.0,0.5178003814367451
1,0.2,nn_center_grid_n4,Eos,34606,17953.0,0.5187828700225394
2,0.2,nn_cluster_grid_n5,Eos,23137,9030.0,0.39028396075549987
2,0.2,iou_edgecrop_grid_n5,Lym,23137,60.0,0.0025932489086744176
4,0.2,nn_cluster_global,Eos,7201,1445.0,0.20066657408693236
4,0.2,iou_grid_n3,Lym,7201,38.0,0.005277044854881266
4,0.2,nn_center_grid_n1,Lym,7201,34.0,0.004721566449104291
3,0.2,nn_cluster_grid_n3,Eos,11848,3217.0,0.2715226198514517
3,0.2,iou_grid_n2,Eos,11848,3670.0,0.3097569209993248
1,0.2,iou_global,Lym,34606,416.0,0.012021036814425245
1,0.25,nn_cluster_global,Eos,39308,21480.0,0.5464536481123435
1,0.25,iou_grid_n4,Eos,39308,23094.0,0.5875139920626844
1,0.25,nn_center_grid_n4,Lym,39308,546.0,0.013890302228553983
3,0.25,iou_edgecrop_global,Lym,13405,107.0,0.007982096232748974
4,0.25,nn_cluster_grid_n2,Eos,8176,1815.0,0.22199119373776907
4,0.25,nn_center_grid_n5,Eos,8176,1809.0,0.2212573385518591
4,0.25,nn_cluster_grid_n1,Eos,8176,1635.0,0.19997553816046967
3,0.25,nn_cluster_grid_n4,Lym,13405,86.0,0.006415516598284222
3,0.25,nn_cluster_grid_n5,Lym,13405,86.0,0.006415516598284222
3,0.25,iou_grid_n2,Lym,13405,88.0,0.006564714658709437
3,0.25,iou_grid_n5,Eos,13405,4503.0,0.3359194330473704
5,0.25,nn_dist_grid_n1,Eos,5542,888.0,0.1602309635510646
5,0.25,iou_grid_n5,Lym,5542,19.0,0.003428365211115121
5,0.25,iou_grid_n4,Lym,5542,19.0,0.003428365211115121
1,0.5,nn_cluster_grid_n3,Eos,88352,61937.0,0.7010254436798261
1,0.5,iou_grid_n3,Eos,88352,65110.0,0.7369386091995653
1,0.5,nn_dist_grid_n4,Eos,88352,61914.0,0.7007651213328504
1,0.5,nn_center_grid_n1,Lym,88352,358.0,0.004051973922491851
1,0.5,nn_dist_grid_n5,Lym,88352,5396.0,0.06107388627308946
3,0.5,nn_dist_grid_n2,Eos,29624,12899.0,0.4354239805563057
5,0.5,nn_dist_grid_n5,Lym,11800,79.0,0.006694915254237288
5,0.5,iou_grid_n1,Eos,11800,2809.0,0.2380508474576271
2,0.5,nn_cluster_global,Lym,58736,898.0,0.015288749659493325
2,0.5,iou_grid_n2,Eos,58736,36251.0,0.6171853718332879
2,0.5,nn_cluster_grid_n1,Eos,58736,24852.0,0.4231135930264233
2,0.5,nn_cluster_grid_n4,Lym,58736,887.0,0.015101470988831382
2,0.5,iou_edgecrop_grid_n2,Eos,58736,37265.0,0.63444906020158
2,0.5,iou_edgecrop_grid_n4,Lym,58736,1305.0,0.02221806047398529
4,0.5,iou_edgecrop_grid_n4,Lym,17666,222.0,0.012566511943846937
4,0.5,iou_edgecrop_grid_n5,Lym,17666,211.0,0.011943846937620288
5,0.5,iou_edgecrop_grid_n1,Eos,11800,3367.0,0.2853389830508475
5,0.5,iou_global,Eos,11800,3703.0,0.3138135593220339
3,0.5,iou_global,Lym,29624,409.0,0.013806373210910073
3,0.025,iou_edgecrop_grid_n1,Eos,8095,2330.0,0.2878319950586782
3,0.025,iou_edgecrop_grid_n5,Lym,8095,54.0,0.006670784434836319
0,0.025,nn_center_grid_n1,Eos,76,0.0,0.0
0,0.025,nn_center_grid_n2,Lym,76,0.0,0.0
0,0.025,nn_center_global,Eos,76,0.0,0.0
4,0.05,nn_cluster_global,Lym,5234,13.0,0.002483760030569354
4,0.05,none,Eos,5234,881.0,0.16832250668704624
5,0.05,iou_edgecrop_grid_n2,Lym,3637,9.0,0.002474566950783613
5,0.075,nn_cluster_grid_n2,Lym,3810,7.0,0.001837270341207349
5,0.075,iou_grid_n2,Eos,3810,610.0,0.16010498687664043
2,0.1,iou_edgecrop_grid_n1,Lym,18295,24.0,0.0013118338343809785
2,0.1,iou_edgecrop_grid_n3,Lym,18295,25.0,0.001366493577480186
3,0.15,nn_dist_grid_n3,Eos,10543,2687.0,0.2548610452432894
3,0.15,iou_grid_n1,Lym,10543,56.0,0.005311581143886939
2,0.15,iou_edgecrop_grid_n4,Lym,20530,30.0,0.0014612761811982464
1,0.2,iou_edgecrop_grid_n1,Lym,34606,307.0,0.008871293995260937
1,0.2,iou_edgecrop_grid_n2,Lym,34606,551.0,0.01592209443449113
1,0.25,iou_edgecrop_grid_n5,Eos,39308,23346.0,0.5939249007835555
4,0.5,nn_cluster_grid_n2,Lym,17666,167.0,0.009453186912713686
4,0.5,nn_dist_grid_n2,Eos,17666,5917.0,0.3349371674402808
4,0.0,iou_edgecrop_grid_n5,Lym,4768,23.0,0.004823825503355705
4,0.0,iou_edgecrop_grid_n2,Lym,4768,23.0,0.004823825503355705
5,0.075,iou_edgecrop_grid_n1,Lym,3810,10.0,0.0026246719160104987
0,0.075,nn_cluster_grid_n3,Lym,76,0.0,0.0
0,0.075,nn_cluster_global,Lym,76,0.0,0.0
0,0.075,nn_dist_grid_n1,Eos,76,0.0,0.0
0,0.075,nn_cluster_grid_n1,Lym,76,0.0,0.0
0,0.075,iou_edgecrop_grid_n1,Lym,76,0.0,0.0
0,0.075,iou_edgecrop_grid_n3,Lym,76,0.0,0.0
5,0.2,none,Eos,4928,742.0,0.15056818181818182
5,0.2,iou_grid_n5,Lym,4928,21.0,0.004261363636363636
5,0.2,nn_dist_grid_n4,Lym,4928,19.0,0.0038555194805194805
4,0.25,iou_edgecrop_grid_n5,Eos,8176,2258.0,0.27617416829745595
3,0.0,iou_grid_n5,Eos,7730,1894.0,0.24501940491591204
3,0.0,nn_dist_global,Eos,7730,1686.0,0.21811125485122898
3,0.0,nn_cluster_grid_n3,Eos,7730,1686.0,0.21811125485122898
3,0.0,nn_dist_grid_n4,Eos,7730,1686.0,0.21811125485122898
3,0.0,nn_center_grid_n2,Eos,7730,1687.0,0.21824062095730917
0,0.1,iou_grid_n2,Eos,76,0.0,0.0
0,0.1,nn_center_global,Lym,76,0.0,0.0
3,0.1,iou_global,Lym,9437,68.0,0.007205679771113701
3,0.25,iou_global,Eos,13405,4508.0,0.3362924281984334
4,0.0,nn_cluster_grid_n3,Lym,4768,17.0,0.0035654362416107383
4,0.0,none,Eos,4768,783.0,0.16421979865771813
4,0.0,nn_cluster_grid_n1,Lym,4768,17.0,0.0035654362416107383
4,0.0,nn_dist_grid_n5,Eos,4768,783.0,0.16421979865771813
4,0.0,nn_cluster_grid_n5,Lym,4768,17.0,0.0035654362416107383
4,0.0,iou_grid_n3,Lym,4768,17.0,0.0035654362416107383
4,0.0,nn_dist_grid_n2,Lym,4768,17.0,0.0035654362416107383
0,0.05,nn_center_global,Eos,76,0.0,0.0
0,0.05,nn_dist_grid_n2,Eos,76,0.0,0.0
0,0.05,nn_cluster_grid_n3,Eos,76,0.0,0.0
0,0.15,nn_center_grid_n4,Lym,76,0.0,0.0
0,0.15,nn_dist_grid_n3,Lym,76,0.0,0.0
5,0.25,iou_edgecrop_grid_n4,Eos,5542,1274.0,0.22988090941898232
0,0.5,nn_cluster_grid_n4,Eos,76,0.0,0.0
0,0.5,nn_cluster_grid_n2,Eos,76,0.0,0.0
0,0.0,iou_edgecrop_grid_n3,Eos,76,0.0,0.0
0,0.0,iou_edgecrop_grid_n4,Eos,76,0.0,0.0
0,0.2,nn_center_grid_n2,Lym,76,0.0,0.0
0,0.2,nn_dist_grid_n1,Eos,76,0.0,0.0
0,0.2,nn_dist_grid_n5,Eos,76,0.0,0.0
0,0.2,iou_global,Eos,76,0.0,0.0
5,0.25,iou_global,Lym,5542,19.0,0.003428365211115121
0,0.25,nn_cluster_grid_n1,Eos,76,0.0,0.0
0,0.25,nn_dist_grid_n2,Eos,76,0.0,0.0
0,0.25,nn_center_global,Eos,76,0.0,0.0
0,0.25,nn_dist_grid_n3,Lym,76,0.0,0.0
0,0.25,nn_dist_grid_n4,Lym,76,0.0,0.0
1,0.0,iou_grid_n2,Eos,22095,10408.0,0.4710568001810364
1,0.0,nn_dist_global,Eos,22095,9647.0,0.4366146186920118
1,0.0,nn_cluster_global,Lym,22095,87.0,0.003937542430414121
1,0.0,nn_center_grid_n1,Eos,22095,9641.0,0.43634306404163836
1,0.0,nn_center_grid_n4,Lym,22095,86.0,0.003892283322018556
1,0.0,nn_dist_grid_n5,Eos,22095,9647.0,0.4366146186920118
1,0.0,nn_cluster_grid_n5,Lym,22095,87.0,0.003937542430414121
2,0.0,nn_cluster_global,Lym,14887,4.0,0.00026869080405723115
2,0.0,nn_center_grid_n1,Lym,14887,4.0,0.00026869080405723115
2,0.0,nn_center_grid_n5,Lym,14887,4.0,0.00026869080405723115
2,0.0,iou_grid_n2,Lym,14887,4.0,0.00026869080405723115
2,0.0,nn_center_grid_n4,Eos,14887,4758.0,0.31960771142607647
2,0.0,iou_edgecrop_grid_n1,Eos,14887,5956.0,0.4000806072412172
5,0.0,iou_grid_n1,Lym,3263,6.0,0.0018387986515476554
5,0.0,iou_edgecrop_grid_n3,Eos,3263,599.0,0.18357339871284095
5,0.0,iou_edgecrop_grid_n4,Lym,3263,7.0,0.0021452650934722646
1,0.0,iou_edgecrop_grid_n2,Eos,22095,11203.0,0.5070377913555103
1,0.025,iou_grid_n2,Lym,23298,103.0,0.0044209803416602285
4,0.025,nn_dist_grid_n5,Lym,4972,19.0,0.003821399839098954
4,0.025,nn_dist_global,Eos,4972,798.0,0.16049879324215607
4,0.025,iou_grid_n4,Eos,4972,893.0,0.17960579243765085
4,0.025,none,Eos,4972,794.0,0.15969428801287208
5,0.025,nn_cluster_grid_n1,Eos,3440,429.0,0.12470930232558139
2,0.025,nn_cluster_grid_n2,Lym,15638,9.0,0.0005755211663895639
2,0.025,iou_grid_n5,Lym,15638,9.0,0.0005755211663895639
2,0.025,nn_cluster_grid_n1,Lym,15638,9.0,0.0005755211663895639
2,0.025,iou_edgecrop_grid_n2,Eos,15638,6210.0,0.3971096048087991
2,0.025,iou_edgecrop_grid_n4,Eos,15638,6206.0,0.39685381762373706
3,0.025,nn_cluster_grid_n2,Lym,8095,36.0,0.0044471896232242125
4,0.025,iou_edgecrop_grid_n2,Eos,4972,1097.0,0.22063555913113436
4,0.025,iou_edgecrop_grid_n3,Lym,4972,26.0,0.005229283990345938
4,0.025,iou_edgecrop_global,Eos,4972,1098.0,0.22083668543845536
1,0.05,nn_dist_grid_n5,Lym,24520,130.0,0.005301794453507341
1,0.05,iou_grid_n2,Eos,24520,11965.0,0.4879690048939641
2,0.05,nn_center_grid_n2,Eos,16505,5524.0,0.3346864586488943
2,0.05,nn_center_grid_n5,Eos,16505,5523.0,0.3346258709481975
2,0.05,nn_center_global,Lym,16505,14.0,0.0008482278097546198
3,0.05,nn_dist_grid_n2,Eos,8497,1937.0,0.2279628104036719
3,0.05,nn_center_grid_n4,Lym,8497,41.0,0.0048252324349770505
3,0.05,nn_cluster_grid_n1,Lym,8497,41.0,0.0048252324349770505
2,0.05,iou_edgecrop_grid_n2,Lym,16505,24.0,0.0014541048167222054
5,0.05,nn_dist_grid_n1,Eos,3637,471.0,0.12950233709100908
5,0.05,nn_center_grid_n3,Lym,3637,7.0,0.00192466318394281
5,0.05,nn_dist_global,Lym,3637,7.0,0.00192466318394281
1,0.05,iou_edgecrop_global,Eos,24520,12486.0,0.5092169657422512
4,0.075,nn_cluster_grid_n1,Eos,5518,955.0,0.1730699528814788
4,0.075,nn_dist_grid_n2,Lym,5518,25.0,0.004530627038782167
4,0.075,nn_dist_global,Eos,5518,977.0,0.1770569046756071
4,0.075,nn_center_grid_n4,Lym,5518,25.0,0.004530627038782167
3,0.075,nn_center_grid_n4,Eos,8978,2136.0,0.23791490309645802
3,0.075,nn_cluster_grid_n5,Eos,8978,2142.0,0.2385832033860548
3,0.075,nn_center_grid_n1,Eos,8978,2088.0,0.23256850077968366
3,0.075,iou_grid_n3,Eos,8978,2414.0,0.2688794831811094
3,0.075,iou_grid_n4,Lym,8978,48.0,0.005346402316774337
2,0.075,iou_edgecrop_grid_n3,Lym,17382,24.0,0.001380738695201933
2,0.075,iou_edgecrop_grid_n2,Eos,17382,6944.0,0.3994937291450926
2,0.075,iou_edgecrop_global,Lym,17382,24.0,0.001380738695201933
1,0.075,nn_dist_grid_n2,Lym,25901,127.0,0.004903285587429057
1,0.075,nn_dist_global,Eos,25901,11964.0,0.46191266746457665
1,0.075,iou_edgecrop_global,Lym,25901,198.0,0.0076444924906374275
1,0.075,iou_edgecrop_grid_n1,Lym,25901,194.0,0.007490058298907378
1,0.075,iou_edgecrop_grid_n5,Eos,25901,13234.0,0.5109455233388672
1,0.1,nn_dist_grid_n1,Lym,27338,121.0,0.004426073597190724
1,0.1,nn_cluster_grid_n1,Lym,27338,121.0,0.004426073597190724
1,0.1,nn_center_grid_n2,Eos,27338,12923.0,0.47271197600409687
2,0.1,nn_center_grid_n3,Eos,18295,6378.0,0.348619841486745
2,0.1,iou_grid_n3,Lym,18295,18.0,0.0009838753757857339
2,0.1,iou_grid_n5,Eos,18295,7070.0,0.38644438371139656
2,0.1,nn_center_global,Lym,18295,19.0,0.0010385351188849413
3,0.1,nn_dist_grid_n2,Eos,9437,2242.0,0.23757550068877822
3,0.1,nn_dist_grid_n4,Lym,9437,67.0,0.007099713892126735
3,0.1,iou_grid_n2,Eos,9437,2545.0,0.26968316202182896
3,0.1,iou_edgecrop_grid_n5,Lym,9437,72.0,0.007629543287061566
4,0.1,nn_dist_grid_n3,Eos,5790,1033.0,0.17841105354058723
1,0.15,nn_cluster_global,Lym,30595,261.0,0.008530805687203791
1,0.15,nn_center_grid_n5,Eos,30595,15111.0,0.49390423271776435
4,0.15,nn_center_grid_n3,Lym,6422,35.0,0.0054500155714730615
4,0.15,nn_cluster_grid_n3,Lym,6422,35.0,0.0054500155714730615
4,0.15,nn_dist_grid_n4,Lym,6422,35.0,0.0054500155714730615
5,0.15,nn_center_global,Lym,4397,17.0,0.003866272458494428
5,0.15,nn_cluster_grid_n2,Eos,4397,669.0,0.15214919263133955
2,0.15,nn_center_grid_n5,Eos,20530,7556.0,0.36804676083779836
4,0.15,iou_edgecrop_grid_n3,Lym,6422,39.0,0.006072874493927126
1,0.2,nn_center_grid_n5,Lym,34606,387.0,0.01118303184418887
1,0.2,nn_cluster_grid_n5,Eos,34606,17919.0,0.5178003814367451
1,0.2,nn_cluster_global,Eos,34606,17920.0,0.5178292781598567
1,0.2,nn_cluster_grid_n1,Lym,34606,133.0,0.0038432641738426862
1,0.2,nn_dist_grid_n3,Lym,34606,386.0,0.01115413512107727
2,0.2,nn_dist_grid_n1,Eos,23137,8147.0,0.35211998098284136
2,0.2,iou_grid_n3,Eos,23137,9983.0,0.4314733975882785
2,0.2,nn_center_grid_n3,Lym,23137,38.0,0.0016423909754937978
2,0.2,none,Eos,23137,8147.0,0.35211998098284136
3,0.2,iou_edgecrop_grid_n5,Eos,11848,3922.0,0.3310263335584065
4,0.2,nn_center_grid_n3,Lym,7201,36.0,0.004999305651992779
4,0.2,none,Lym,7201,34.0,0.004721566449104291
3,0.2,nn_cluster_global,Lym,11848,87.0,0.007343011478730587
3,0.2,nn_cluster_grid_n4,Lym,11848,87.0,0.007343011478730587
4,0.2,iou_edgecrop_grid_n4,Eos,7201,1871.0,0.25982502430218024
4,0.2,iou_edgecrop_grid_n3,Eos,7201,1872.0,0.2599638939036245
1,0.25,nn_dist_grid_n3,Eos,39308,21461.0,0.545970285946881
3,0.25,iou_edgecrop_grid_n2,Lym,13405,108.0,0.008056695262961582
4,0.25,nn_center_grid_n3,Lym,8176,37.0,0.004525440313111546
4,0.25,nn_cluster_grid_n5,Lym,8176,37.0,0.004525440313111546
4,0.25,iou_grid_n5,Lym,8176,39.0,0.0047700587084148725
4,0.25,nn_center_grid_n2,Lym,8176,37.0,0.004525440313111546
2,0.25,nn_center_grid_n4,Eos,26287,10909.0,0.41499600563015937
2,0.25,none,Lym,26287,36.0,0.001369498231064785
2,0.25,iou_grid_n3,Lym,26287,81.0,0.003081371019895766
2,0.25,nn_cluster_grid_n2,Lym,26287,70.0,0.0026629132270704152
3,0.25,nn_dist_grid_n2,Eos,13405,3983.0,0.29712793733681464
3,0.25,nn_center_grid_n2,Eos,13405,3983.0,0.29712793733681464
3,0.25,nn_cluster_grid_n3,Lym,13405,86.0,0.006415516598284222
3,0.25,nn_cluster_grid_n1,Lym,13405,77.0,0.005744125326370757
3,0.25,nn_dist_global,Lym,13405,87.0,0.0064901156284968295
5,0.25,nn_cluster_grid_n3,Lym,5542,17.0,0.003067484662576687
5,0.25,nn_center_grid_n4,Eos,5542,991.0,0.17881631180079394
1,0.5,iou_grid_n2,Lym,88352,5325.0,0.060270282506338285
1,0.5,nn_cluster_grid_n4,Eos,88352,61938.0,0.7010367620427381
1,0.5,nn_center_grid_n2,Lym,88352,5237.0,0.059274266570083306
1,0.5,nn_cluster_grid_n2,Eos,88352,61930.0,0.7009462151394422
1,0.5,nn_center_grid_n5,Eos,88352,61840.0,0.6999275624773633
3,0.5,none,Eos,29624,10003.0,0.33766540642722115
3,0.5,nn_dist_grid_n3,Eos,29624,12899.0,0.4354239805563057
3,0.5,nn_center_grid_n5,Eos,29624,12887.0,0.43501890359168244
5,0.5,iou_grid_n2,Lym,11800,89.0,0.007542372881355932
5,0.5,none,Eos,11800,2522.0,0.21372881355932202
5,0.5,nn_dist_global,Lym,11800,78.0,0.006610169491525424
5,0.5,nn_center_global,Eos,11800,3116.0,0.2640677966101695
5,0.5,nn_cluster_grid_n1,Lym,11800,60.0,0.005084745762711864
5,0.5,nn_dist_grid_n2,Eos,11800,3134.0,0.265593220338983
5,0.5,nn_center_grid_n2,Eos,11800,3134.0,0.265593220338983
2,0.5,nn_center_grid_n4,Lym,58736,818.0,0.01392672296377009
2,0.5,iou_edgecrop_grid_n3,Lym,58736,1297.0,0.022081857804412967
3,0.5,iou_edgecrop_grid_n2,Eos,29624,15101.0,0.5097556035646773
5,0.5,iou_edgecrop_global,Eos,11800,4090.0,0.3466101694915254
0,0.025,nn_dist_grid_n1,Eos,76,0.0,0.0
0,0.025,nn_dist_grid_n3,Lym,76,0.0,0.0
0,0.025,iou_edgecrop_grid_n3,Eos,76,0.0,0.0
4,0.025,iou_global,Lym,4972,19.0,0.003821399839098954
4,0.05,iou_grid_n5,Lym,5234,14.0,0.0026748184944593045
4,0.05,iou_grid_n3,Lym,5234,14.0,0.0026748184944593045
4,0.05,nn_dist_grid_n1,Lym,5234,13.0,0.002483760030569354
4,0.05,nn_dist_grid_n4,Eos,5234,896.0,0.1711883836453955
4,0.05,nn_cluster_grid_n4,Lym,5234,13.0,0.002483760030569354
5,0.075,nn_dist_global,Lym,3810,7.0,0.001837270341207349
5,0.075,nn_cluster_grid_n1,Eos,3810,518.0,0.13595800524934384
5,0.075,nn_dist_grid_n2,Lym,3810,7.0,0.001837270341207349
5,0.075,nn_cluster_grid_n5,Eos,3810,533.0,0.13989501312335959
5,0.075,iou_grid_n3,Eos,3810,609.0,0.15984251968503937
5,0.075,nn_dist_grid_n4,Eos,3810,533.0,0.13989501312335959
5,0.075,nn_cluster_grid_n4,Eos,3810,533.0,0.13989501312335959
4,0.075,iou_global,Lym,5518,26.0,0.004711852120333454
3,0.15,nn_cluster_grid_n2,Lym,10543,59.0,0.005596130133738025
1,0.2,iou_edgecrop_grid_n3,Lym,34606,558.0,0.016124371496272324
1,0.25,iou_edgecrop_grid_n4,Lym,39308,796.0,0.020250330721481632
4,0.5,nn_dist_grid_n5,Eos,17666,5923.0,0.3352768028982226
4,0.0,iou_edgecrop_grid_n3,Eos,4768,1066.0,0.2235738255033557
3,0.05,iou_edgecrop_global,Eos,8497,2481.0,0.2919854066140991
3,0.05,iou_edgecrop_grid_n2,Lym,8497,48.0,0.005649052606802401
0,0.075,nn_dist_grid_n4,Lym,76,0.0,0.0
0,0.075,nn_cluster_grid_n4,Eos,76,0.0,0.0
0,0.075,iou_grid_n1,Lym,76,0.0,0.0
0,0.075,iou_grid_n4,Eos,76,0.0,0.0
5,0.1,iou_edgecrop_grid_n3,Lym,3959,13.0,0.003283657489264966
5,0.2,iou_edgecrop_grid_n3,Eos,4928,1041.0,0.2112418831168831
5,0.2,nn_cluster_grid_n5,Lym,4928,19.0,0.0038555194805194805
4,0.25,iou_edgecrop_grid_n2,Eos,8176,2263.0,0.2767857142857143
4,0.25,iou_edgecrop_grid_n3,Lym,8176,54.0,0.0066046966731898235
3,0.0,iou_grid_n3,Lym,7730,38.0,0.004915912031047865
3,0.0,nn_dist_grid_n1,Lym,7730,38.0,0.004915912031047865
3,0.0,nn_cluster_grid_n1,Eos,7730,1686.0,0.21811125485122898
0,0.1,nn_dist_global,Lym,76,0.0,0.0
0,0.1,nn_center_grid_n1,Lym,76,0.0,0.0
5,0.1,nn_center_grid_n1,Eos,3959,528.0,0.13336701187168476
5,0.1,nn_dist_grid_n3,Eos,3959,538.0,0.13589290224804243
4,0.0,nn_dist_grid_n4,Eos,4768,783.0,0.16421979865771813
4,0.0,nn_cluster_grid_n2,Lym,4768,17.0,0.0035654362416107383
4,0.0,nn_center_grid_n4,Eos,4768,784.0,0.1644295302013423
4,0.0,nn_center_global,Eos,4768,783.0,0.16421979865771813
0,0.0,nn_cluster_grid_n3,Lym,76,0.0,0.0
0,0.0,nn_dist_grid_n4,Lym,76,0.0,0.0
0,0.0,nn_cluster_grid_n5,Lym,76,0.0,0.0
3,0.0,iou_global,Eos,7730,1890.0,0.2445019404915912
5,0.05,iou_global,Eos,3637,545.0,0.1498487764641188
0,0.05,nn_center_grid_n4,Lym,76,0.0,0.0
0,0.15,nn_cluster_grid_n3,Eos,76,0.0,0.0
0,0.15,none,Eos,76,0.0,0.0
0,0.15,nn_center_grid_n1,Lym,76,0.0,0.0
5,0.25,iou_edgecrop_global,Lym,5542,24.0,0.004330566582461205
5,0.25,iou_edgecrop_grid_n5,Eos,5542,1268.0,0.228798267773367
0,0.5,nn_center_grid_n5,Lym,76,0.0,0.0
0,0.5,nn_dist_grid_n4,Eos,76,0.0,0.0
0,0.5,iou_grid_n3,Lym,76,0.0,0.0
0,0.5,iou_edgecrop_global,Lym,76,0.0,0.0
0,0.0,iou_edgecrop_grid_n1,Lym,76,0.0,0.0
0,0.2,nn_dist_grid_n2,Eos,76,0.0,0.0
0,0.2,nn_center_grid_n3,Lym,76,0.0,0.0
0,0.2,iou_grid_n3,Eos,76,0.0,0.0
0,0.2,iou_edgecrop_grid_n4,Eos,76,0.0,0.0
0,0.2,iou_edgecrop_grid_n1,Eos,76,0.0,0.0
0,0.25,nn_center_grid_n2,Eos,76,0.0,0.0
0,0.25,nn_cluster_grid_n3,Lym,76,0.0,0.0
0,0.25,iou_edgecrop_grid_n2,Eos,76,0.0,0.0
1,0.0,iou_grid_n3,Eos,22095,10403.0,0.4708305046390586
1,0.0,nn_cluster_grid_n1,Lym,22095,82.0,0.0037112468884362977
1,0.0,nn_cluster_grid_n2,Lym,22095,86.0,0.003892283322018556
2,0.0,nn_center_grid_n2,Lym,14887,4.0,0.00026869080405723115
2,0.0,iou_edgecrop_global,Lym,14887,15.0,0.0010075905152146167
5,0.0,none,Lym,3263,6.0,0.0018387986515476554
5,0.0,nn_center_global,Eos,3263,399.0,0.12228011032791909
5,0.0,nn_cluster_grid_n2,Lym,3263,6.0,0.0018387986515476554
5,0.0,nn_cluster_grid_n3,Lym,3263,6.0,0.0018387986515476554
5,0.0,nn_dist_grid_n4,Lym,3263,6.0,0.0018387986515476554
5,0.0,nn_cluster_grid_n4,Eos,3263,399.0,0.12228011032791909
5,0.0,nn_dist_grid_n5,Eos,3263,399.0,0.12228011032791909
5,0.0,nn_center_grid_n5,Lym,3263,6.0,0.0018387986515476554
1,0.0,iou_edgecrop_grid_n3,Lym,22095,184.0,0.008327675944783888
1,0.025,nn_dist_grid_n3,Eos,23298,10367.0,0.44497381749506393
1,0.025,nn_dist_global,Eos,23298,10364.0,0.4448450510773457
1,0.025,nn_dist_grid_n5,Lym,23298,98.0,0.00420636964546313
4,0.025,nn_center_grid_n4,Lym,4972,19.0,0.003821399839098954
4,0.025,nn_cluster_grid_n4,Lym,4972,19.0,0.003821399839098954
5,0.025,nn_dist_grid_n4,Eos,3440,430.0,0.125
5,0.025,nn_center_grid_n5,Lym,3440,5.0,0.0014534883720930232
5,0.025,nn_dist_global,Eos,3440,430.0,0.125
2,0.025,nn_center_grid_n5,Eos,15638,5018.0,0.32088502366031463
2,0.025,nn_center_grid_n3,Lym,15638,9.0,0.0005755211663895639
2,0.025,nn_dist_grid_n4,Lym,15638,9.0,0.0005755211663895639
2,0.025,nn_center_global,Lym,15638,9.0,0.0005755211663895639
2,0.025,nn_dist_grid_n1,Lym,15638,9.0,0.0005755211663895639
1,0.025,iou_edgecrop_grid_n2,Lym,23298,199.0,0.00854150570864452
3,0.025,nn_dist_grid_n1,Lym,8095,36.0,0.0044471896232242125
3,0.025,none,Eos,8095,1749.0,0.216059295861643
4,0.025,iou_edgecrop_grid_n5,Eos,4972,1097.0,0.22063555913113436
1,0.05,iou_grid_n3,Lym,24520,137.0,0.005587275693311583
1,0.05,nn_dist_grid_n1,Lym,24520,98.0,0.00399673735725938
1,0.05,nn_center_grid_n1,Lym,24520,98.0,0.00399673735725938
2,0.05,nn_cluster_global,Lym,16505,14.0,0.0008482278097546198
2,0.05,nn_center_grid_n4,Eos,16505,5526.0,0.3348076340502878
2,0.05,iou_grid_n4,Lym,16505,14.0,0.0008482278097546198
3,0.05,nn_cluster_grid_n4,Eos,8497,1937.0,0.2279628104036719
3,0.05,nn_dist_grid_n3,Eos,8497,1937.0,0.2279628104036719
3,0.05,nn_center_grid_n3,Eos,8497,1938.0,0.22808049899964694
3,0.05,nn_dist_global,Lym,8497,41.0,0.0048252324349770505
5,0.05,nn_cluster_grid_n5,Eos,3637,479.0,0.1317019521583723
1,0.05,iou_edgecrop_grid_n1,Lym,24520,221.0,0.00901305057096248
1,0.05,iou_edgecrop_grid_n2,Eos,24520,12489.0,0.5093393148450245
2,0.075,nn_cluster_grid_n1,Lym,17382,14.0,0.0008054309055344609
2,0.075,nn_dist_grid_n3,Lym,17382,15.0,0.0008629616845012082
2,0.075,nn_dist_grid_n4,Lym,17382,15.0,0.0008629616845012082
4,0.075,none,Eos,5518,955.0,0.1730699528814788
4,0.075,iou_grid_n5,Lym,5518,26.0,0.004711852120333454
4,0.075,nn_cluster_grid_n3,Lym,5518,25.0,0.004530627038782167
4,0.075,nn_cluster_grid_n4,Lym,5518,25.0,0.004530627038782167
3,0.075,nn_center_grid_n2,Lym,8978,45.0,0.005012252171975941
3,0.075,none,Eos,8978,2088.0,0.23256850077968366
1,0.075,nn_cluster_global,Eos,25901,11971.0,0.46218292730010424
1,0.075,nn_dist_grid_n5,Eos,25901,11959.0,0.46171962472491407
1,0.1,nn_dist_grid_n2,Lym,27338,189.0,0.006913453800570634
1,0.1,nn_dist_grid_n3,Lym,27338,186.0,0.0068037164386568144
2,0.1,nn_dist_grid_n1,Eos,18295,6117.0,0.3343536485378519
2,0.1,nn_center_grid_n4,Lym,18295,19.0,0.0010385351188849413
2,0.1,none,Eos,18295,6117.0,0.3343536485378519
2,0.1,nn_dist_global,Lym,18295,19.0,0.0010385351188849413
3,0.1,nn_center_global,Lym,9437,67.0,0.007099713892126735
3,0.1,nn_cluster_global,Eos,9437,2242.0,0.23757550068877822
3,0.1,nn_dist_grid_n1,Lym,9437,66.0,0.006993748013139769
3,0.1,nn_center_grid_n4,Lym,9437,67.0,0.007099713892126735
3,0.1,nn_dist_grid_n5,Eos,9437,2243.0,0.23768146656776518
1,0.1,iou_edgecrop_grid_n5,Lym,27338,272.0,0.009949520813519642
1,0.15,iou_grid_n4,Eos,30595,16337.0,0.5339761398921392
1,0.15,nn_dist_grid_n1,Lym,30595,111.0,0.0036280437980062102
1,0.15,nn_dist_grid_n2,Eos,30595,15114.0,0.4940022879555483
4,0.15,iou_grid_n1,Lym,6422,32.0,0.004982871379632514
4,0.15,iou_grid_n2,Lym,6422,35.0,0.0054500155714730615
4,0.15,iou_grid_n4,Lym,6422,35.0,0.0054500155714730615
5,0.15,nn_center_grid_n3,Eos,4397,664.0,0.15101205367295883
5,0.15,nn_cluster_grid_n4,Eos,4397,669.0,0.15214919263133955
5,0.15,none,Eos,4397,633.0,0.1439617921309984
5,0.15,nn_cluster_global,Lym,4397,17.0,0.003866272458494428
2,0.15,iou_grid_n2,Eos,20530,8391.0,0.40871894788114954
2,0.15,iou_grid_n5,Lym,20530,25.0,0.0012177301509985387
2,0.15,nn_dist_grid_n3,Eos,20530,7555.0,0.3679980516317584
2,0.15,nn_center_grid_n3,Lym,20530,22.0,0.001071602532878714
1,0.15,iou_edgecrop_grid_n1,Eos,30595,15595.0,0.5097238110802419
1,0.15,iou_edgecrop_grid_n4,Lym,30595,384.0,0.012551070436345808
1,0.15,iou_edgecrop_grid_n5,Eos,30595,16520.0,0.5399575093969603
1,0.2,nn_center_grid_n3,Lym,34606,381.0,0.011009651505519275
1,0.2,nn_center_grid_n2,Lym,34606,369.0,0.010662890828180085
2,0.2,iou_grid_n4,Lym,23137,40.0,0.001728832605782945
2,0.2,nn_center_global,Eos,23137,9025.0,0.390067856679777
2,0.2,nn_dist_grid_n4,Lym,23137,39.0,0.0016856117906383714
2,0.2,nn_cluster_grid_n4,Lym,23137,40.0,0.001728832605782945
2,0.2,iou_edgecrop_grid_n2,Lym,23137,60.0,0.0025932489086744176
4,0.2,nn_center_global,Eos,7201,1448.0,0.2010831828912651
4,0.2,nn_cluster_grid_n4,Lym,7201,36.0,0.004999305651992779
4,0.2,iou_grid_n1,Eos,7201,1517.0,0.21066518539091794
3,0.2,nn_center_grid_n2,Lym,11848,84.0,0.0070898041863605675
3,0.2,iou_grid_n5,Eos,11848,3672.0,0.3099257258609048
3,0.2,nn_dist_grid_n1,Eos,11848,2964.0,0.25016880486158
3,0.2,nn_center_grid_n4,Lym,11848,85.0,0.0071742066171505735
3,0.2,nn_center_grid_n5,Lym,11848,85.0,0.0071742066171505735
4,0.2,iou_edgecrop_grid_n5,Lym,7201,42.0,0.005832523260658242
1,0.25,nn_dist_grid_n2,Eos,39308,21465.0,0.5460720464027679
1,0.25,nn_cluster_grid_n2,Lym,39308,529.0,0.013457820291034903
4,0.25,nn_cluster_grid_n3,Lym,8176,37.0,0.004525440313111546
4,0.25,nn_dist_grid_n4,Eos,8176,1806.0,0.2208904109589041
4,0.25,nn_cluster_grid_n4,Lym,8176,37.0,0.004525440313111546
4,0.25,iou_grid_n4,Lym,8176,39.0,0.0047700587084148725
4,0.25,nn_center_grid_n1,Eos,8176,1635.0,0.19997553816046967
2,0.25,nn_cluster_grid_n4,Eos,26287,10940.0,0.4161752957735763
2,0.25,nn_center_grid_n5,Lym,26287,65.0,0.002472705139422528
2,0.25,iou_grid_n1,Eos,26287,10341.0,0.39338836687335943
2,0.25,iou_grid_n4,Lym,26287,81.0,0.003081371019895766
2,0.25,nn_cluster_grid_n3,Lym,26287,70.0,0.0026629132270704152
3,0.25,nn_center_grid_n4,Lym,13405,88.0,0.006564714658709437
3,0.25,nn_dist_grid_n5,Lym,13405,87.0,0.0064901156284968295
5,0.25,nn_dist_grid_n2,Lym,5542,18.0,0.003247924936845904
5,0.25,nn_cluster_global,Eos,5542,992.0,0.17899675207506316
5,0.25,nn_center_grid_n1,Eos,5542,888.0,0.1602309635510646
5,0.25,nn_center_grid_n2,Lym,5542,18.0,0.003247924936845904
5,0.25,nn_dist_global,Lym,5542,17.0,0.003067484662576687
1,0.5,none,Lym,88352,358.0,0.004051973922491851
1,0.5,nn_center_global,Eos,88352,61886.0,0.7004482071713147
1,0.5,nn_dist_grid_n1,Lym,88352,358.0,0.004051973922491851
1,0.5,nn_center_grid_n4,Lym,88352,5348.0,0.06053060485331402
1,0.5,nn_dist_grid_n2,Eos,88352,61859.0,0.7001426113726911
1,0.5,nn_cluster_grid_n5,Eos,88352,61942.0,0.7010820354943861
1,0.5,iou_edgecrop_grid_n4,Eos,88352,65706.0,0.7436843534951104
1,0.5,iou_edgecrop_global,Eos,88352,65729.0,0.7439446758420862
3,0.5,nn_center_global,Lym,29624,386.0,0.013029975695382123
3,0.5,nn_cluster_global,Lym,29624,393.0,0.013266270591412369
3,0.5,nn_dist_grid_n4,Lym,29624,392.0,0.013232514177693762
3,0.5,iou_grid_n1,Lym,29624,259.0,0.008742911153119093
3,0.5,nn_dist_grid_n5,Lym,29624,386.0,0.013029975695382123
5,0.5,nn_cluster_grid_n3,Lym,11800,79.0,0.006694915254237288
2,0.5,nn_dist_global,Lym,58736,816.0,0.01389267229637701
2,0.5,nn_center_grid_n2,Lym,58736,839.0,0.01428425497139744
2,0.5,nn_dist_grid_n1,Eos,58736,24852.0,0.4231135930264233
3,0.5,iou_edgecrop_grid_n1,Eos,29624,12195.0,0.4116594652984067
1,0.025,iou_global,Eos,23298,11092.0,0.4760923684436432
3,0.025,iou_edgecrop_grid_n4,Lym,8095,55.0,0.0067943174799258805
0,0.025,nn_cluster_grid_n2,Eos,76,0.0,0.0
0,0.025,nn_cluster_grid_n4,Eos,76,0.0,0.0
0,0.025,iou_edgecrop_grid_n2,Eos,76,0.0,0.0
0,0.025,iou_edgecrop_grid_n5,Lym,76,0.0,0.0
3,0.025,iou_global,Eos,8095,1958.0,0.24187770228536135
4,0.05,nn_cluster_grid_n1,Lym,5234,13.0,0.002483760030569354
2,0.1,iou_edgecrop_grid_n2,Lym,18295,24.0,0.0013118338343809785
1,0.25,iou_edgecrop_global,Lym,39308,787.0,0.020021369695736237
4,0.5,nn_dist_grid_n3,Eos,17666,5907.0,0.3343711083437111
4,0.5,iou_grid_n2,Lym,17666,174.0,0.009849428280312465
4,0.5,nn_cluster_grid_n1,Eos,17666,4695.0,0.26576474583946563
4,0.5,nn_center_grid_n3,Eos,17666,5907.0,0.3343711083437111
4,0.5,nn_cluster_grid_n3,Lym,17666,167.0,0.009453186912713686
3,0.05,iou_edgecrop_grid_n1,Eos,8497,2480.0,0.29186771801812406
5,0.075,iou_edgecrop_grid_n3,Lym,3810,10.0,0.0026246719160104987
0,0.075,none,Eos,76,0.0,0.0
4,0.1,iou_edgecrop_grid_n2,Lym,5790,28.0,0.004835924006908463
5,0.2,iou_edgecrop_global,Eos,4928,1042.0,0.21144480519480519
5,0.2,iou_edgecrop_grid_n2,Lym,4928,19.0,0.0038555194805194805
5,0.2,iou_grid_n3,Eos,4928,917.0,0.18607954545454544
5,0.2,nn_center_global,Eos,4928,791.0,0.16051136363636365
5,0.2,nn_dist_grid_n2,Eos,4928,790.0,0.16030844155844157
5,0.2,nn_center_grid_n2,Lym,4928,19.0,0.0038555194805194805
5,0.2,nn_cluster_grid_n2,Lym,4928,19.0,0.0038555194805194805
5,0.2,nn_dist_grid_n3,Lym,4928,19.0,0.0038555194805194805
4,0.5,iou_edgecrop_grid_n1,Lym,17666,157.0,0.008887127816144005
3,0.0,nn_center_grid_n3,Eos,7730,1687.0,0.21824062095730917
0,0.1,iou_grid_n5,Lym,76,0.0,0.0
0,0.1,nn_cluster_grid_n2,Lym,76,0.0,0.0
0,0.1,nn_center_grid_n4,Lym,76,0.0,0.0
0,0.1,nn_center_grid_n5,Lym,76,0.0,0.0
0,0.1,nn_cluster_grid_n1,Lym,76,0.0,0.0
5,0.1,iou_grid_n5,Lym,3959,12.0,0.0030310684516291994
5,0.1,nn_dist_global,Eos,3959,537.0,0.13564031321040668
5,0.1,nn_dist_grid_n1,Eos,3959,528.0,0.13336701187168476
4,0.0,iou_grid_n1,Eos,4768,886.0,0.1858221476510067
4,0.0,nn_center_grid_n5,Eos,4768,783.0,0.16421979865771813
4,0.0,nn_dist_global,Lym,4768,17.0,0.0035654362416107383
0,0.0,iou_grid_n2,Eos,76,0.0,0.0
0,0.0,nn_cluster_global,Lym,76,0.0,0.0
0,0.0,nn_center_grid_n1,Eos,76,0.0,0.0
0,0.05,iou_grid_n3,Lym,76,0.0,0.0
0,0.05,nn_dist_grid_n5,Lym,76,0.0,0.0
0,0.05,iou_edgecrop_grid_n4,Eos,76,0.0,0.0
0,0.05,iou_edgecrop_grid_n3,Eos,76,0.0,0.0
0,0.15,nn_dist_grid_n4,Lym,76,0.0,0.0
0,0.15,nn_dist_grid_n5,Lym,76,0.0,0.0
0,0.15,iou_grid_n3,Eos,76,0.0,0.0
0,0.15,iou_grid_n4,Eos,76,0.0,0.0
0,0.15,nn_dist_grid_n2,Lym,76,0.0,0.0
5,0.25,iou_edgecrop_grid_n2,Lym,5542,24.0,0.004330566582461205
0,0.5,nn_center_grid_n4,Lym,76,0.0,0.0
0,0.5,nn_cluster_grid_n1,Lym,76,0.0,0.0
0,0.5,nn_dist_global,Eos,76,0.0,0.0
0,0.5,iou_edgecrop_grid_n4,Lym,76,0.0,0.0
3,0.0,iou_edgecrop_global,Lym,7730,48.0,0.006209573091849935
5,0.025,iou_edgecrop_global,Lym,3440,11.0,0.003197674418604651
4,0.05,iou_global,Lym,5234,14.0,0.0026748184944593045
0,0.2,nn_cluster_grid_n2,Lym,76,0.0,0.0
0,0.2,nn_cluster_grid_n1,Lym,76,0.0,0.0
0,0.2,nn_dist_grid_n3,Eos,76,0.0,0.0
0,0.2,nn_center_grid_n5,Eos,76,0.0,0.0
0,0.2,iou_grid_n5,Eos,76,0.0,0.0
0,0.2,nn_dist_global,Lym,76,0.0,0.0
0,0.25,iou_grid_n1,Lym,76,0.0,0.0
0,0.25,iou_grid_n5,Lym,76,0.0,0.0
0,0.25,nn_cluster_grid_n4,Eos,76,0.0,0.0
0,0.25,iou_global,Eos,76,0.0,0.0
4,0.1,iou_global,Eos,5790,1189.0,0.20535405872193438
1,0.0,iou_grid_n2,Lym,22095,99.0,0.004480651731160896
1,0.0,nn_dist_global,Lym,22095,87.0,0.003937542430414121
1,0.0,nn_cluster_global,Eos,22095,9647.0,0.4366146186920118
1,0.0,nn_center_grid_n1,Lym,22095,82.0,0.0037112468884362977
1,0.0,nn_center_grid_n4,Eos,22095,9642.0,0.43638832315003395
1,0.0,nn_dist_grid_n5,Lym,22095,87.0,0.003937542430414121
1,0.0,nn_cluster_grid_n5,Eos,22095,9647.0,0.4366146186920118
2,0.0,nn_cluster_global,Eos,14887,4757.0,0.31954053872506216
2,0.0,iou_grid_n2,Eos,14887,5261.0,0.35339558003627325
2,0.0,nn_center_grid_n5,Eos,14887,4758.0,0.31960771142607647
2,0.0,nn_center_grid_n4,Lym,14887,4.0,0.00026869080405723115
2,0.0,nn_center_grid_n1,Eos,14887,4757.0,0.31954053872506216
2,0.0,iou_edgecrop_grid_n1,Lym,14887,15.0,0.0010075905152146167
5,0.0,iou_grid_n1,Eos,3263,463.0,0.14189396261109408
5,0.0,iou_edgecrop_grid_n3,Lym,3263,7.0,0.0021452650934722646
5,0.0,iou_edgecrop_grid_n4,Eos,3263,599.0,0.18357339871284095
1,0.0,iou_edgecrop_grid_n2,Lym,22095,185.0,0.008372935053179452
1,0.025,iou_grid_n2,Eos,23298,11096.0,0.4762640570006009
4,0.025,nn_dist_grid_n5,Eos,4972,798.0,0.16049879324215607
4,0.025,iou_grid_n4,Lym,4972,19.0,0.003821399839098954
4,0.025,nn_dist_global,Lym,4972,19.0,0.003821399839098954
4,0.025,none,Lym,4972,19.0,0.003821399839098954
5,0.025,nn_cluster_grid_n1,Lym,3440,5.0,0.0014534883720930232
2,0.025,nn_cluster_grid_n1,Eos,15638,4994.0,0.31935030054994246
2,0.025,nn_cluster_grid_n2,Eos,15638,5024.0,0.32126870443790767
2,0.025,iou_grid_n5,Eos,15638,5503.0,0.35189921984908556
2,0.025,iou_edgecrop_grid_n2,Lym,15638,27.0,0.0017265634991686916
2,0.025,iou_edgecrop_grid_n4,Lym,15638,27.0,0.0017265634991686916
3,0.025,nn_cluster_grid_n2,Eos,8095,1757.0,0.2170475602223595
4,0.025,iou_edgecrop_grid_n2,Lym,4972,27.0,0.005430410297666935
4,0.025,iou_edgecrop_grid_n3,Eos,4972,1096.0,0.22043443282381336
4,0.025,iou_edgecrop_global,Lym,4972,26.0,0.005229283990345938
1,0.05,nn_dist_grid_n5,Eos,24520,11091.0,0.4523246329526917
1,0.05,iou_grid_n2,Lym,24520,137.0,0.005587275693311583
2,0.05,nn_center_grid_n2,Lym,16505,14.0,0.0008482278097546198
2,0.05,nn_center_grid_n5,Lym,16505,14.0,0.0008482278097546198
2,0.05,nn_center_global,Eos,16505,5523.0,0.3346258709481975
3,0.05,nn_dist_grid_n2,Lym,8497,41.0,0.0048252324349770505
3,0.05,nn_center_grid_n4,Eos,8497,1938.0,0.22808049899964694
3,0.05,nn_cluster_grid_n1,Eos,8497,1898.0,0.22337295516064493
2,0.05,iou_edgecrop_grid_n2,Eos,16505,6654.0,0.40315056043623143
5,0.05,nn_dist_grid_n1,Lym,3637,7.0,0.00192466318394281
5,0.05,nn_center_grid_n3,Eos,3637,478.0,0.13142700027495188
5,0.05,nn_dist_global,Eos,3637,479.0,0.1317019521583723
1,0.05,iou_edgecrop_global,Lym,24520,221.0,0.00901305057096248
4,0.075,nn_cluster_grid_n1,Lym,5518,25.0,0.004530627038782167
4,0.075,nn_dist_grid_n2,Eos,5518,977.0,0.1770569046756071
4,0.075,nn_center_grid_n4,Eos,5518,977.0,0.1770569046756071
4,0.075,nn_dist_global,Lym,5518,25.0,0.004530627038782167
3,0.075,nn_center_grid_n4,Lym,8978,45.0,0.005012252171975941
3,0.075,nn_cluster_grid_n5,Lym,8978,45.0,0.005012252171975941
3,0.075,nn_center_grid_n1,Lym,8978,44.0,0.004900868790376476
3,0.075,iou_grid_n3,Lym,8978,49.0,0.005457785698373803
3,0.075,iou_grid_n4,Eos,8978,2412.0,0.26865671641791045
2,0.075,iou_edgecrop_grid_n3,Eos,17382,6941.0,0.39932113680819237
2,0.075,iou_edgecrop_grid_n2,Lym,17382,24.0,0.001380738695201933
2,0.075,iou_edgecrop_global,Eos,17382,6937.0,0.3990910136923254
1,0.075,nn_dist_grid_n2,Eos,25901,11959.0,0.46171962472491407
1,0.075,nn_dist_global,Lym,25901,129.0,0.004980502683294081
1,0.075,iou_edgecrop_global,Eos,25901,13238.0,0.5110999575305972
1,0.075,iou_edgecrop_grid_n1,Eos,25901,13207.0,0.5099030925446894
1,0.075,iou_edgecrop_grid_n5,Lym,25901,198.0,0.0076444924906374275
1,0.1,nn_dist_grid_n1,Eos,27338,12038.0,0.4403394542395201
1,0.1,nn_cluster_grid_n1,Eos,27338,12038.0,0.4403394542395201
1,0.1,nn_center_grid_n2,Lym,27338,186.0,0.0068037164386568144
2,0.1,nn_center_grid_n3,Lym,18295,18.0,0.0009838753757857339
2,0.1,iou_grid_n3,Eos,18295,7060.0,0.3858977862804045
2,0.1,iou_grid_n5,Lym,18295,18.0,0.0009838753757857339
2,0.1,nn_center_global,Eos,18295,6377.0,0.3485651817436458
3,0.1,nn_dist_grid_n2,Lym,9437,67.0,0.007099713892126735
3,0.1,nn_dist_grid_n4,Eos,9437,2242.0,0.23757550068877822
3,0.1,iou_grid_n2,Lym,9437,68.0,0.007205679771113701
3,0.1,iou_edgecrop_grid_n5,Eos,9437,2747.0,0.29108826957719613
4,0.1,nn_dist_grid_n3,Lym,5790,25.0,0.004317789291882556
1,0.15,nn_cluster_global,Eos,30595,15102.0,0.4936100670044125
1,0.15,nn_center_grid_n5,Lym,30595,262.0,0.008563490766465108
4,0.15,nn_cluster_grid_n3,Eos,6422,1226.0,0.19090625973217065
4,0.15,nn_dist_grid_n4,Eos,6422,1224.0,0.19059483027094362
4,0.15,nn_center_grid_n3,Eos,6422,1225.0,0.19075054500155714
5,0.15,nn_center_global,Eos,4397,669.0,0.15214919263133955
5,0.15,nn_cluster_grid_n2,Lym,4397,17.0,0.003866272458494428
2,0.15,nn_center_grid_n5,Lym,20530,22.0,0.001071602532878714
4,0.15,iou_edgecrop_grid_n3,Eos,6422,1550.0,0.24135783245094986
1,0.2,nn_center_grid_n5,Eos,34606,17948.0,0.5186383864069815
1,0.2,nn_cluster_grid_n5,Lym,34606,398.0,0.01150089579841646
1,0.2,nn_cluster_global,Lym,34606,398.0,0.01150089579841646
1,0.2,nn_cluster_grid_n1,Eos,34606,15103.0,0.43642720915448185
1,0.2,nn_dist_grid_n3,Eos,34606,17944.0,0.5185227995145351
2,0.2,nn_dist_grid_n1,Lym,23137,26.0,0.0011237411937589142
2,0.2,iou_grid_n3,Lym,23137,41.0,0.0017720534209275187
2,0.2,nn_center_grid_n3,Eos,23137,9041.0,0.3907593897220902
2,0.2,none,Lym,23137,26.0,0.0011237411937589142
3,0.2,iou_edgecrop_grid_n5,Lym,11848,94.0,0.007933828494260635
4,0.2,nn_center_grid_n3,Eos,7201,1452.0,0.20163866129704208
4,0.2,none,Eos,7201,1349.0,0.18733509234828497
3,0.2,nn_cluster_global,Eos,11848,3218.0,0.2716070222822417
3,0.2,nn_cluster_grid_n4,Eos,11848,3218.0,0.2716070222822417
4,0.2,iou_edgecrop_grid_n4,Lym,7201,42.0,0.005832523260658242
4,0.2,iou_edgecrop_grid_n3,Lym,7201,42.0,0.005832523260658242
1,0.25,nn_dist_grid_n3,Lym,39308,544.0,0.013839422000610562
3,0.25,iou_edgecrop_grid_n2,Eos,13405,4762.0,0.3552405818724357
4,0.25,nn_center_grid_n3,Eos,8176,1806.0,0.2208904109589041
4,0.25,iou_grid_n5,Eos,8176,2107.0,0.2577054794520548
4,0.25,nn_cluster_grid_n5,Eos,8176,1815.0,0.22199119373776907
4,0.25,nn_center_grid_n2,Eos,8176,1806.0,0.2208904109589041
2,0.25,nn_center_grid_n4,Lym,26287,72.0,0.00273899646212957
2,0.25,none,Eos,26287,9509.0,0.3617377410887511
2,0.25,iou_grid_n3,Eos,26287,12052.0,0.4584775744664663
2,0.25,nn_cluster_grid_n2,Eos,26287,10940.0,0.4161752957735763
3,0.25,nn_dist_grid_n2,Lym,13405,87.0,0.0064901156284968295
3,0.25,nn_center_grid_n2,Lym,13405,87.0,0.0064901156284968295
3,0.25,nn_cluster_grid_n3,Eos,13405,3976.0,0.29660574412532636
3,0.25,nn_cluster_grid_n1,Eos,13405,3553.0,0.26505035434539354
3,0.25,nn_dist_global,Eos,13405,3977.0,0.296680343155539
5,0.25,nn_cluster_grid_n3,Eos,5542,992.0,0.17899675207506316
5,0.25,nn_center_grid_n4,Lym,5542,17.0,0.003067484662576687
1,0.5,iou_grid_n2,Eos,88352,65193.0,0.7378780333212605
1,0.5,nn_cluster_grid_n4,Lym,88352,5545.0,0.06276032234697573
1,0.5,nn_center_grid_n2,Eos,88352,61834.0,0.6998596522998913
1,0.5,nn_cluster_grid_n2,Lym,88352,5494.0,0.062183085838464325
1,0.5,nn_center_grid_n5,Lym,88352,5260.0,0.05953458891705904
3,0.5,none,Lym,29624,258.0,0.008709154739400485
3,0.5,nn_dist_grid_n3,Lym,29624,378.0,0.01275992438563327
3,0.5,nn_center_grid_n5,Lym,29624,385.0,0.012996219281663515
5,0.5,iou_grid_n2,Eos,11800,3715.0,0.3148305084745763
5,0.5,none,Lym,11800,60.0,0.005084745762711864
5,0.5,nn_dist_global,Eos,11800,3114.0,0.26389830508474577
5,0.5,nn_center_global,Lym,11800,77.0,0.00652542372881356
5,0.5,nn_cluster_grid_n1,Eos,11800,2522.0,0.21372881355932202
5,0.5,nn_dist_grid_n2,Lym,11800,78.0,0.006610169491525424
5,0.5,nn_center_grid_n2,Lym,11800,78.0,0.006610169491525424
2,0.5,nn_center_grid_n4,Eos,58736,33600.0,0.5720512122037592
2,0.5,iou_edgecrop_grid_n3,Eos,58736,37267.0,0.634483110868973
3,0.5,iou_edgecrop_grid_n2,Lym,29624,502.0,0.016945719686740482
5,0.5,iou_edgecrop_global,Lym,11800,106.0,0.008983050847457628
0,0.025,nn_dist_grid_n1,Lym,76,0.0,0.0
0,0.025,nn_dist_grid_n3,Eos,76,0.0,0.0
0,0.025,iou_edgecrop_grid_n3,Lym,76,0.0,0.0
4,0.025,iou_global,Eos,4972,891.0,0.17920353982300885
4,0.05,iou_grid_n5,Eos,5234,1047.0,0.200038211692778
4,0.05,iou_grid_n3,Eos,5234,1048.0,0.20022927015666794
4,0.05,nn_dist_grid_n1,Eos,5234,881.0,0.16832250668704624
4,0.05,nn_dist_grid_n4,Lym,5234,13.0,0.002483760030569354
4,0.05,nn_cluster_grid_n4,Eos,5234,896.0,0.1711883836453955
5,0.075,nn_dist_global,Eos,3810,533.0,0.13989501312335959
5,0.075,nn_cluster_grid_n1,Lym,3810,7.0,0.001837270341207349
5,0.075,nn_dist_grid_n2,Eos,3810,533.0,0.13989501312335959
5,0.075,nn_cluster_grid_n5,Lym,3810,7.0,0.001837270341207349
5,0.075,iou_grid_n3,Lym,3810,9.0,0.002362204724409449
5,0.075,nn_dist_grid_n4,Lym,3810,7.0,0.001837270341207349
5,0.075,nn_cluster_grid_n4,Lym,3810,7.0,0.001837270341207349
4,0.075,iou_global,Eos,5518,1120.0,0.2029720913374411
3,0.15,nn_cluster_grid_n2,Eos,10543,2690.0,0.2551455942331405
1,0.2,iou_edgecrop_grid_n3,Eos,34606,19573.0,0.56559556146333
1,0.25,iou_edgecrop_grid_n4,Eos,39308,23358.0,0.594230182151216
4,0.5,nn_dist_grid_n5,Lym,17666,161.0,0.009113551454771877
4,0.0,iou_edgecrop_grid_n3,Lym,4768,23.0,0.004823825503355705
3,0.05,iou_edgecrop_global,Lym,8497,48.0,0.005649052606802401
3,0.05,iou_edgecrop_grid_n2,Eos,8497,2481.0,0.2919854066140991
0,0.075,nn_dist_grid_n4,Eos,76,0.0,0.0
0,0.075,nn_cluster_grid_n4,Lym,76,0.0,0.0
0,0.075,iou_grid_n1,Eos,76,0.0,0.0
0,0.075,iou_grid_n4,Lym,76,0.0,0.0
5,0.1,iou_edgecrop_grid_n3,Eos,3959,733.0,0.18514776458701693
5,0.2,iou_edgecrop_grid_n3,Lym,4928,19.0,0.0038555194805194805
5,0.2,nn_cluster_grid_n5,Eos,4928,791.0,0.16051136363636365
4,0.25,iou_edgecrop_grid_n2,Lym,8176,54.0,0.0066046966731898235
4,0.25,iou_edgecrop_grid_n3,Eos,8176,2264.0,0.27690802348336596
3,0.0,iou_grid_n3,Eos,7730,1892.0,0.24476067270375162
3,0.0,nn_dist_grid_n1,Eos,7730,1686.0,0.21811125485122898
3,0.0,nn_cluster_grid_n1,Lym,7730,38.0,0.004915912031047865
0,0.1,nn_dist_global,Eos,76,0.0,0.0
0,0.1,nn_center_grid_n1,Eos,76,0.0,0.0
5,0.1,nn_center_grid_n1,Lym,3959,12.0,0.0030310684516291994
5,0.1,nn_dist_grid_n3,Lym,3959,12.0,0.0030310684516291994
4,0.0,nn_dist_grid_n4,Lym,4768,17.0,0.0035654362416107383
4,0.0,nn_cluster_grid_n2,Eos,4768,783.0,0.16421979865771813
4,0.0,nn_center_grid_n4,Lym,4768,17.0,0.0035654362416107383
4,0.0,nn_center_global,Lym,4768,17.0,0.0035654362416107383
0,0.0,nn_cluster_grid_n3,Eos,76,0.0,0.0
0,0.0,nn_dist_grid_n4,Eos,76,0.0,0.0
0,0.0,nn_cluster_grid_n5,Eos,76,0.0,0.0
3,0.0,iou_global,Lym,7730,38.0,0.004915912031047865
5,0.05,iou_global,Lym,3637,7.0,0.00192466318394281
0,0.05,nn_center_grid_n4,Eos,76,0.0,0.0
0,0.15,nn_cluster_grid_n3,Lym,76,0.0,0.0
0,0.15,none,Lym,76,0.0,0.0
0,0.15,nn_center_grid_n1,Eos,76,0.0,0.0
5,0.25,iou_edgecrop_global,Eos,5542,1272.0,0.22952002887044387
5,0.25,iou_edgecrop_grid_n5,Lym,5542,24.0,0.004330566582461205
0,0.5,nn_center_grid_n5,Eos,76,0.0,0.0
0,0.5,nn_dist_grid_n4,Lym,76,0.0,0.0
0,0.5,iou_grid_n3,Eos,76,0.0,0.0
0,0.5,iou_edgecrop_global,Eos,76,0.0,0.0
0,0.0,iou_edgecrop_grid_n1,Eos,76,0.0,0.0
0,0.2,nn_dist_grid_n2,Lym,76,0.0,0.0
0,0.2,nn_center_grid_n3,Eos,76,0.0,0.0
0,0.2,iou_grid_n3,Lym,76,0.0,0.0
0,0.2,iou_edgecrop_grid_n4,Lym,76,0.0,0.0
0,0.2,iou_edgecrop_grid_n1,Lym,76,0.0,0.0
0,0.25,nn_center_grid_n2,Lym,76,0.0,0.0
0,0.25,nn_cluster_grid_n3,Eos,76,0.0,0.0
0,0.25,iou_edgecrop_grid_n2,Lym,76,0.0,0.0
1,0.0,iou_grid_n3,Lym,22095,99.0,0.004480651731160896
1,0.0,nn_cluster_grid_n1,Eos,22095,9641.0,0.43634306404163836
1,0.0,nn_cluster_grid_n2,Eos,22095,9647.0,0.4366146186920118
2,0.0,nn_center_grid_n2,Eos,14887,4758.0,0.31960771142607647
2,0.0,iou_edgecrop_global,Eos,14887,5961.0,0.4004164707462887
5,0.0,none,Eos,3263,399.0,0.12228011032791909
5,0.0,nn_center_global,Lym,3263,6.0,0.0018387986515476554
5,0.0,nn_cluster_grid_n2,Eos,3263,399.0,0.12228011032791909
5,0.0,nn_dist_grid_n4,Eos,3263,399.0,0.12228011032791909
5,0.0,nn_cluster_grid_n4,Lym,3263,6.0,0.0018387986515476554
5,0.0,nn_dist_grid_n5,Lym,3263,6.0,0.0018387986515476554
5,0.0,nn_center_grid_n5,Eos,3263,399.0,0.12228011032791909
5,0.0,nn_cluster_grid_n3,Eos,3263,399.0,0.12228011032791909
1,0.0,iou_edgecrop_grid_n3,Eos,22095,11203.0,0.5070377913555103
1,0.025,nn_dist_grid_n3,Lym,23298,98.0,0.00420636964546313
1,0.025,nn_dist_grid_n5,Eos,23298,10365.0,0.44488797321658513
1,0.025,nn_dist_global,Lym,23298,98.0,0.00420636964546313
4,0.025,nn_center_grid_n4,Eos,4972,796.0,0.16009654062751408
4,0.025,nn_cluster_grid_n4,Eos,4972,798.0,0.16049879324215607
5,0.025,nn_dist_grid_n4,Lym,3440,5.0,0.0014534883720930232
5,0.025,nn_center_grid_n5,Eos,3440,429.0,0.12470930232558139
5,0.025,nn_dist_global,Lym,3440,5.0,0.0014534883720930232
2,0.025,nn_center_grid_n5,Lym,15638,9.0,0.0005755211663895639
2,0.025,nn_center_grid_n3,Eos,15638,5017.0,0.3208210768640491
2,0.025,nn_dist_grid_n4,Eos,15638,5022.0,0.32114081084537666
2,0.025,nn_center_global,Eos,15638,5018.0,0.32088502366031463
2,0.025,nn_dist_grid_n1,Eos,15638,4994.0,0.31935030054994246
1,0.025,iou_edgecrop_grid_n2,Eos,23298,11890.0,0.5103442355567002
3,0.025,nn_dist_grid_n1,Eos,8095,1749.0,0.216059295861643
3,0.025,none,Lym,8095,36.0,0.0044471896232242125
4,0.025,iou_edgecrop_grid_n5,Lym,4972,26.0,0.005229283990345938
1,0.05,iou_grid_n3,Eos,24520,11963.0,0.4878874388254486
1,0.05,nn_dist_grid_n1,Eos,24520,10794.0,0.4402120717781403
1,0.05,nn_center_grid_n1,Eos,24520,10794.0,0.4402120717781403
2,0.05,nn_cluster_global,Eos,16505,5527.0,0.3348682217509846
2,0.05,iou_grid_n4,Eos,16505,6116.0,0.3705543774613753
2,0.05,nn_center_grid_n4,Lym,16505,14.0,0.0008482278097546198
3,0.05,nn_cluster_grid_n4,Lym,8497,41.0,0.0048252324349770505
3,0.05,nn_dist_grid_n3,Lym,8497,41.0,0.0048252324349770505
3,0.05,nn_center_grid_n3,Lym,8497,41.0,0.0048252324349770505
3,0.05,nn_dist_global,Eos,8497,1938.0,0.22808049899964694
5,0.05,nn_cluster_grid_n5,Lym,3637,7.0,0.00192466318394281
1,0.05,iou_edgecrop_grid_n1,Eos,24520,12481.0,0.5090130505709625
1,0.05,iou_edgecrop_grid_n2,Lym,24520,222.0,0.009053833605220229
2,0.075,nn_dist_grid_n4,Eos,17382,5931.0,0.3412150500517777
2,0.075,nn_cluster_grid_n1,Eos,17382,5756.0,0.33114716373259695
2,0.075,nn_dist_grid_n3,Eos,17382,5931.0,0.3412150500517777
4,0.075,nn_cluster_grid_n4,Eos,5518,976.0,0.1768756795940558
4,0.075,none,Lym,5518,25.0,0.004530627038782167
4,0.075,iou_grid_n5,Eos,5518,1120.0,0.2029720913374411
4,0.075,nn_cluster_grid_n3,Eos,5518,976.0,0.1768756795940558
3,0.075,nn_center_grid_n2,Eos,8978,2137.0,0.23802628647805749
3,0.075,none,Lym,8978,44.0,0.004900868790376476
1,0.075,nn_cluster_global,Lym,25901,127.0,0.004903285587429057
1,0.075,nn_dist_grid_n5,Lym,25901,127.0,0.004903285587429057
1,0.1,nn_dist_grid_n2,Eos,27338,12928.0,0.47289487160728655
1,0.1,nn_dist_grid_n3,Eos,27338,12935.0,0.47315092545175214
2,0.1,nn_dist_grid_n1,Lym,18295,12.0,0.0006559169171904892
2,0.1,nn_center_grid_n4,Eos,18295,6376.0,0.3485105220005466
2,0.1,none,Lym,18295,12.0,0.0006559169171904892
2,0.1,nn_dist_global,Eos,18295,6378.0,0.348619841486745
3,0.1,nn_center_global,Eos,9437,2237.0,0.23704567129384338
3,0.1,nn_cluster_global,Lym,9437,67.0,0.007099713892126735
3,0.1,nn_dist_grid_n1,Eos,9437,2168.0,0.2297340256437427
3,0.1,nn_center_grid_n4,Eos,9437,2238.0,0.23715163717283036
3,0.1,nn_dist_grid_n5,Lym,9437,67.0,0.007099713892126735
1,0.1,iou_edgecrop_grid_n5,Eos,27338,14159.0,0.5179237691125905
1,0.15,iou_grid_n4,Lym,30595,287.0,0.00938061774799804
1,0.15,nn_dist_grid_n1,Eos,30595,13511.0,0.4416081058996568
1,0.15,nn_dist_grid_n2,Lym,30595,264.0,0.008628860924987743
4,0.15,iou_grid_n2,Eos,6422,1418.0,0.22080348800996574
4,0.15,iou_grid_n4,Eos,6422,1414.0,0.22018062908751168
4,0.15,iou_grid_n1,Eos,6422,1305.0,0.20320772345063842
5,0.15,nn_center_grid_n3,Lym,4397,17.0,0.003866272458494428
5,0.15,nn_cluster_grid_n4,Lym,4397,17.0,0.003866272458494428
5,0.15,none,Lym,4397,17.0,0.003866272458494428
5,0.15,nn_cluster_global,Eos,4397,670.0,0.1523766204230157
2,0.15,iou_grid_n2,Lym,20530,26.0,0.0012664393570384802
2,0.15,iou_grid_n5,Eos,20530,8376.0,0.4079883097905504
2,0.15,nn_dist_grid_n3,Lym,20530,22.0,0.001071602532878714
2,0.15,nn_center_grid_n3,Eos,20530,7549.0,0.36770579639551876
1,0.15,iou_edgecrop_grid_n1,Lym,30595,276.0,0.009021081876123549
1,0.15,iou_edgecrop_grid_n4,Eos,30595,16508.0,0.5395652884458245
1,0.15,iou_edgecrop_grid_n5,Lym,30595,391.0,0.012779865991175029
1,0.2,nn_center_grid_n3,Eos,34606,17943.0,0.5184939027914235
1,0.2,nn_center_grid_n2,Eos,34606,17974.0,0.5193897012078831
2,0.2,iou_grid_n4,Eos,23137,9988.0,0.4316895016640014
2,0.2,nn_center_global,Lym,23137,38.0,0.0016423909754937978
2,0.2,nn_dist_grid_n4,Eos,23137,9040.0,0.3907161689069456
2,0.2,nn_cluster_grid_n4,Eos,23137,9030.0,0.39028396075549987
2,0.2,iou_edgecrop_grid_n2,Eos,23137,10368.0,0.44811341141893934
4,0.2,nn_center_global,Lym,7201,36.0,0.004999305651992779
4,0.2,nn_cluster_grid_n4,Eos,7201,1445.0,0.20066657408693236
4,0.2,iou_grid_n1,Lym,7201,35.0,0.004860436050548535
3,0.2,nn_center_grid_n2,Eos,11848,3219.0,0.27169142471303176
3,0.2,iou_grid_n5,Lym,11848,91.0,0.007680621201890615
3,0.2,nn_dist_grid_n1,Lym,11848,75.0,0.0063301823092505064
3,0.2,nn_center_grid_n4,Eos,11848,3222.0,0.27194463200540175
3,0.2,nn_center_grid_n5,Eos,11848,3220.0,0.27177582714382176
4,0.2,iou_edgecrop_grid_n5,Eos,7201,1872.0,0.2599638939036245
1,0.25,nn_dist_grid_n2,Lym,39308,530.0,0.013483260405006614
1,0.25,nn_cluster_grid_n2,Eos,39308,21475.0,0.5463264475424849
4,0.25,nn_cluster_grid_n3,Eos,8176,1815.0,0.22199119373776907
4,0.25,nn_dist_grid_n4,Lym,8176,37.0,0.004525440313111546
4,0.25,nn_cluster_grid_n4,Eos,8176,1815.0,0.22199119373776907
4,0.25,iou_grid_n4,Eos,8176,2100.0,0.2568493150684932
4,0.25,nn_center_grid_n1,Lym,8176,36.0,0.004403131115459882
2,0.25,nn_cluster_grid_n4,Lym,26287,70.0,0.0026629132270704152
2,0.25,nn_center_grid_n5,Eos,26287,10935.0,0.4159850876859284
2,0.25,iou_grid_n1,Lym,26287,37.0,0.0014075398485943623
2,0.25,iou_grid_n4,Eos,26287,12054.0,0.45855365770152545
2,0.25,nn_cluster_grid_n3,Eos,26287,10941.0,0.4162133373911059
3,0.25,nn_center_grid_n4,Eos,13405,3984.0,0.2972025363670272
3,0.25,nn_dist_grid_n5,Eos,13405,3975.0,0.29653114509511375
5,0.25,nn_dist_global,Eos,5542,985.0,0.17773367015517863
5,0.25,nn_center_grid_n1,Lym,5542,17.0,0.003067484662576687
5,0.25,nn_dist_grid_n2,Eos,5542,992.0,0.17899675207506316
5,0.25,nn_center_grid_n2,Eos,5542,991.0,0.17881631180079394
5,0.25,nn_cluster_global,Lym,5542,17.0,0.003067484662576687
1,0.5,none,Eos,88352,38758.0,0.4386771097428468
1,0.5,nn_center_global,Lym,88352,5263.0,0.059568544005795004
1,0.5,nn_dist_grid_n1,Eos,88352,38758.0,0.4386771097428468
1,0.5,nn_center_grid_n4,Eos,88352,61897.0,0.7005727091633466
1,0.5,nn_dist_grid_n2,Lym,88352,5295.0,0.05993073161897863
1,0.5,nn_cluster_grid_n5,Lym,88352,5540.0,0.06270373053241579
1,0.5,iou_edgecrop_grid_n4,Lym,88352,6756.0,0.0764668598333937
1,0.5,iou_edgecrop_global,Lym,88352,6781.0,0.07674981890619341
3,0.5,nn_center_global,Eos,29624,12875.0,0.43461382662705916
3,0.5,nn_cluster_global,Eos,29624,12905.0,0.4356265190386173
3,0.5,nn_dist_grid_n4,Eos,29624,12888.0,0.43505266000540105
3,0.5,iou_grid_n1,Eos,29624,10879.0,0.3672360248447205
3,0.5,nn_dist_grid_n5,Eos,29624,12886.0,0.4349851471779638
5,0.5,nn_cluster_grid_n3,Eos,11800,3145.0,0.26652542372881355
2,0.5,nn_center_grid_n2,Eos,58736,33628.0,0.5725279215472623
2,0.5,nn_dist_grid_n1,Lym,58736,175.0,0.0029794333968945793
2,0.5,nn_dist_global,Eos,58736,33603.0,0.5721022882048488
3,0.5,iou_edgecrop_grid_n1,Lym,29624,312.0,0.01053200108020524
1,0.025,iou_global,Lym,23298,103.0,0.0044209803416602285
3,0.025,iou_edgecrop_grid_n4,Eos,8095,2329.0,0.28770846201358863
0,0.025,nn_cluster_grid_n2,Lym,76,0.0,0.0
0,0.025,nn_cluster_grid_n4,Lym,76,0.0,0.0
0,0.025,iou_edgecrop_grid_n2,Lym,76,0.0,0.0
0,0.025,iou_edgecrop_grid_n5,Eos,76,0.0,0.0
3,0.025,iou_global,Lym,8095,36.0,0.0044471896232242125
4,0.05,nn_cluster_grid_n1,Eos,5234,881.0,0.16832250668704624
2,0.1,iou_edgecrop_grid_n2,Eos,18295,7403.0,0.4046460781634326
1,0.25,iou_edgecrop_global,Eos,39308,23313.0,0.5930853770224891
4,0.5,nn_dist_grid_n3,Lym,17666,161.0,0.009113551454771877
4,0.5,iou_grid_n2,Eos,17666,6808.0,0.3853730329446394
4,0.5,nn_cluster_grid_n1,Lym,17666,125.0,0.007075738707121023
4,0.5,nn_center_grid_n3,Lym,17666,161.0,0.009113551454771877
4,0.5,nn_cluster_grid_n3,Eos,17666,5946.0,0.33657873882033285
3,0.05,iou_edgecrop_grid_n1,Lym,8497,48.0,0.005649052606802401
5,0.075,iou_edgecrop_grid_n3,Eos,3810,693.0,0.18188976377952756
0,0.075,none,Lym,76,0.0,0.0
4,0.1,iou_edgecrop_grid_n2,Eos,5790,1323.0,0.22849740932642487
5,0.2,iou_edgecrop_global,Lym,4928,19.0,0.0038555194805194805
5,0.2,iou_edgecrop_grid_n2,Eos,4928,1044.0,0.21185064935064934
5,0.2,iou_grid_n3,Lym,4928,21.0,0.004261363636363636
5,0.2,nn_center_global,Lym,4928,19.0,0.0038555194805194805
5,0.2,nn_dist_grid_n2,Lym,4928,19.0,0.0038555194805194805
5,0.2,nn_cluster_grid_n2,Eos,4928,791.0,0.16051136363636365
5,0.2,nn_dist_grid_n3,Eos,4928,789.0,0.1601055194805195
5,0.2,nn_center_grid_n2,Eos,4928,789.0,0.1601055194805195
4,0.5,iou_edgecrop_grid_n1,Eos,17666,6019.0,0.3407109702252915
3,0.0,nn_center_grid_n3,Lym,7730,38.0,0.004915912031047865
0,0.1,iou_grid_n5,Eos,76,0.0,0.0
0,0.1,nn_cluster_grid_n2,Eos,76,0.0,0.0
0,0.1,nn_center_grid_n4,Eos,76,0.0,0.0
0,0.1,nn_center_grid_n5,Eos,76,0.0,0.0
0,0.1,nn_cluster_grid_n1,Eos,76,0.0,0.0
5,0.1,iou_grid_n5,Eos,3959,648.0,0.16367769638797677
5,0.1,nn_dist_global,Lym,3959,12.0,0.0030310684516291994
5,0.1,nn_dist_grid_n1,Lym,3959,12.0,0.0030310684516291994
4,0.0,iou_grid_n1,Lym,4768,17.0,0.0035654362416107383
4,0.0,nn_center_grid_n5,Lym,4768,17.0,0.0035654362416107383
4,0.0,nn_dist_global,Eos,4768,783.0,0.16421979865771813
0,0.0,iou_grid_n2,Lym,76,0.0,0.0
0,0.0,nn_cluster_global,Eos,76,0.0,0.0
0,0.0,nn_center_grid_n1,Lym,76,0.0,0.0
0,0.05,iou_grid_n3,Eos,76,0.0,0.0
0,0.05,nn_dist_grid_n5,Eos,76,0.0,0.0
0,0.05,iou_edgecrop_grid_n4,Lym,76,0.0,0.0
0,0.05,iou_edgecrop_grid_n3,Lym,76,0.0,0.0
0,0.15,nn_dist_grid_n4,Eos,76,0.0,0.0
0,0.15,nn_dist_grid_n5,Eos,76,0.0,0.0
0,0.15,iou_grid_n3,Lym,76,0.0,0.0
0,0.15,iou_grid_n4,Lym,76,0.0,0.0
0,0.15,nn_dist_grid_n2,Eos,76,0.0,0.0
5,0.25,iou_edgecrop_grid_n2,Eos,5542,1269.0,0.22897870804763623
0,0.5,nn_center_grid_n4,Eos,76,0.0,0.0
0,0.5,nn_cluster_grid_n1,Eos,76,0.0,0.0
0,0.5,nn_dist_global,Lym,76,0.0,0.0
0,0.5,iou_edgecrop_grid_n4,Eos,76,0.0,0.0
3,0.0,iou_edgecrop_global,Eos,7730,2252.0,0.29133247089262615
5,0.025,iou_edgecrop_global,Eos,3440,637.0,0.18517441860465117
4,0.05,iou_global,Eos,5234,1045.0,0.1996560947649981
0,0.2,nn_cluster_grid_n2,Eos,76,0.0,0.0
0,0.2,nn_cluster_grid_n1,Eos,76,0.0,0.0
0,0.2,nn_dist_grid_n3,Lym,76,0.0,0.0
0,0.2,nn_center_grid_n5,Lym,76,0.0,0.0
0,0.2,iou_grid_n5,Lym,76,0.0,0.0
0,0.2,nn_dist_global,Eos,76,0.0,0.0
0,0.25,iou_grid_n1,Eos,76,0.0,0.0
0,0.25,iou_grid_n5,Eos,76,0.0,0.0
0,0.25,nn_cluster_grid_n4,Lym,76,0.0,0.0
0,0.25,iou_global,Lym,76,0.0,0.0
4,0.1,iou_global,Lym,5790,25.0,0.004317789291882556
1,0.0,nn_dist_grid_n1,Eos,22095,9641.0,0.43634306404163836
1,0.0,iou_grid_n4,Lym,22095,99.0,0.004480651731160896
1,0.0,iou_grid_n5,Lym,22095,99.0,0.004480651731160896
2,0.0,iou_grid_n1,Eos,14887,5263.0,0.35352992543830186
2,0.0,iou_edgecrop_grid_n2,Eos,14887,5956.0,0.4000806072412172
5,0.0,nn_center_grid_n3,Lym,3263,6.0,0.0018387986515476554
5,0.0,iou_edgecrop_grid_n1,Lym,3263,7.0,0.0021452650934722646
1,0.0,iou_edgecrop_grid_n4,Lym,22095,185.0,0.008372935053179452
1,0.025,nn_center_grid_n4,Lym,23298,97.0,0.00416344750622371
1,0.025,iou_grid_n1,Lym,23298,100.0,0.004292213923941969
1,0.025,iou_grid_n3,Lym,23298,103.0,0.0044209803416602285
4,0.025,nn_cluster_grid_n1,Lym,4972,19.0,0.003821399839098954
5,0.025,nn_dist_grid_n5,Lym,3440,5.0,0.0014534883720930232
5,0.025,nn_center_grid_n2,Eos,3440,429.0,0.12470930232558139
5,0.025,iou_grid_n3,Lym,3440,5.0,0.0014534883720930232
2,0.025,none,Lym,15638,9.0,0.0005755211663895639
2,0.025,nn_center_grid_n1,Eos,15638,4994.0,0.31935030054994246
1,0.025,iou_edgecrop_global,Eos,23298,11894.0,0.5105159241136579
3,0.025,nn_center_global,Eos,8095,1757.0,0.2170475602223595
3,0.025,nn_cluster_global,Lym,8095,36.0,0.0044471896232242125
3,0.025,nn_center_grid_n2,Eos,8095,1757.0,0.2170475602223595
3,0.025,nn_cluster_grid_n4,Lym,8095,36.0,0.0044471896232242125
3,0.025,nn_center_grid_n5,Eos,8095,1757.0,0.2170475602223595
4,0.025,iou_edgecrop_grid_n4,Lym,4972,27.0,0.005430410297666935
1,0.05,nn_cluster_grid_n4,Eos,24520,11090.0,0.45228384991843396
1,0.05,nn_cluster_grid_n3,Lym,24520,131.0,0.00534257748776509
2,0.05,nn_dist_grid_n1,Eos,16505,5411.0,0.32784004847016057
2,0.05,iou_grid_n3,Eos,16505,6117.0,0.3706149651620721
2,0.05,nn_dist_grid_n5,Eos,16505,5523.0,0.3346258709481975
3,0.05,nn_dist_grid_n5,Lym,8497,41.0,0.0048252324349770505
3,0.05,nn_center_global,Lym,8497,41.0,0.0048252324349770505
2,0.05,iou_edgecrop_grid_n4,Lym,16505,23.0,0.0013935171160254468
5,0.05,nn_dist_grid_n3,Lym,3637,7.0,0.00192466318394281
5,0.05,iou_grid_n2,Lym,3637,7.0,0.00192466318394281
2,0.075,nn_center_grid_n4,Eos,17382,5935.0,0.34144517316764467
2,0.075,nn_cluster_grid_n5,Eos,17382,5938.0,0.3416177655045449
2,0.075,nn_center_global,Eos,17382,5936.0,0.3415027039466114
2,0.075,iou_grid_n4,Eos,17382,6585.0,0.3788401794960304
2,0.075,nn_cluster_global,Eos,17382,5938.0,0.3416177655045449
2,0.075,nn_dist_grid_n1,Eos,17382,5756.0,0.33114716373259695
2,0.075,none,Eos,17382,5756.0,0.33114716373259695
4,0.075,nn_dist_grid_n1,Lym,5518,25.0,0.004530627038782167
4,0.075,nn_dist_grid_n4,Eos,5518,976.0,0.1768756795940558
4,0.075,iou_grid_n2,Eos,5518,1124.0,0.20369699166364624
4,0.075,nn_center_global,Lym,5518,25.0,0.004530627038782167
3,0.075,nn_dist_grid_n2,Eos,8978,2138.0,0.23813766985965695
2,0.075,iou_edgecrop_grid_n5,Lym,17382,24.0,0.001380738695201933
2,0.075,iou_edgecrop_grid_n1,Lym,17382,24.0,0.001380738695201933
1,0.075,nn_cluster_grid_n1,Lym,25901,77.0,0.002972858190803444
1,0.075,iou_grid_n3,Lym,25901,142.0,0.005482413806416741
1,0.075,nn_center_global,Eos,25901,11961.0,0.4617968418207791
1,0.1,iou_grid_n5,Lym,27338,209.0,0.007645036213329431
3,0.1,nn_center_grid_n1,Lym,9437,66.0,0.006993748013139769
3,0.1,nn_cluster_grid_n2,Lym,9437,67.0,0.007099713892126735
3,0.1,nn_dist_global,Eos,9437,2241.0,0.23746953480979124
1,0.1,iou_edgecrop_grid_n1,Eos,27338,13959.0,0.5106079449850026
1,0.1,iou_edgecrop_grid_n2,Eos,27338,14160.0,0.5179603482332285
4,0.1,nn_dist_global,Lym,5790,25.0,0.004317789291882556
4,0.1,nn_cluster_grid_n2,Eos,5790,1034.0,0.1785837651122625
4,0.1,nn_center_grid_n3,Eos,5790,1033.0,0.17841105354058723
4,0.1,nn_center_grid_n5,Eos,5790,1033.0,0.17841105354058723
4,0.1,nn_cluster_grid_n5,Lym,5790,25.0,0.004317789291882556
1,0.15,iou_grid_n5,Lym,30595,290.0,0.009478672985781991
1,0.15,nn_center_grid_n2,Lym,30595,263.0,0.008596175845726426
1,0.15,nn_center_grid_n3,Eos,30595,15105.0,0.49370812224219646
1,0.15,nn_center_grid_n4,Lym,30595,261.0,0.008530805687203791
4,0.15,nn_dist_grid_n3,Eos,6422,1225.0,0.19075054500155714
4,0.15,iou_edgecrop_grid_n5,Lym,6422,39.0,0.006072874493927126
5,0.15,iou_grid_n1,Eos,4397,715.0,0.16261087104844213
5,0.15,nn_center_grid_n2,Eos,4397,663.0,0.1507846258812827
2,0.15,nn_dist_grid_n5,Eos,20530,7562.0,0.368339016074038
2,0.15,nn_cluster_grid_n5,Lym,20530,23.0,0.0011203117389186556
2,0.15,nn_center_grid_n1,Eos,20530,7007.0,0.34130540672187043
2,0.15,none,Eos,20530,7007.0,0.34130540672187043
2,0.15,nn_cluster_grid_n2,Eos,20530,7557.0,0.3680954700438383
2,0.15,nn_center_global,Eos,20530,7553.0,0.36790063321967853
1,0.2,nn_dist_grid_n5,Lym,34606,393.0,0.011356412182858464
1,0.2,none,Eos,34606,15103.0,0.43642720915448185
1,0.2,nn_dist_global,Eos,34606,17953.0,0.5187828700225394
1,0.2,nn_dist_grid_n1,Eos,34606,15103.0,0.43642720915448185
2,0.2,nn_center_grid_n1,Eos,23137,8147.0,0.35211998098284136
2,0.2,nn_cluster_grid_n1,Lym,23137,26.0,0.0011237411937589142
2,0.2,iou_grid_n2,Lym,23137,40.0,0.001728832605782945
2,0.2,nn_dist_global,Eos,23137,9025.0,0.390067856679777
2,0.2,nn_dist_grid_n5,Eos,23137,9043.0,0.3908458313523793
3,0.2,iou_edgecrop_global,Eos,11848,3926.0,0.3313639432815665
3,0.2,iou_edgecrop_grid_n1,Lym,11848,93.0,0.007849426063470628
4,0.2,nn_cluster_grid_n1,Lym,7201,34.0,0.004721566449104291
3,0.2,nn_cluster_grid_n2,Eos,11848,3217.0,0.2715226198514517
3,0.2,nn_center_grid_n3,Lym,11848,84.0,0.0070898041863605675
4,0.2,iou_global,Eos,7201,1686.0,0.23413414803499513
1,0.25,nn_dist_grid_n1,Eos,39308,17281.0,0.4396306095451308
1,0.25,nn_cluster_grid_n3,Eos,39308,21478.0,0.5464027678844001
1,0.25,none,Eos,39308,17281.0,0.4396306095451308
1,0.25,iou_grid_n2,Eos,39308,23108.0,0.5878701536582884
3,0.25,iou_edgecrop_grid_n5,Lym,13405,107.0,0.007982096232748974
4,0.25,nn_center_global,Eos,8176,1808.0,0.22113502935420742
4,0.25,nn_cluster_global,Lym,8176,37.0,0.004525440313111546
2,0.25,nn_cluster_grid_n5,Eos,26287,10941.0,0.4162133373911059
2,0.25,iou_grid_n5,Eos,26287,12038.0,0.45794499182105225
2,0.25,nn_dist_grid_n2,Lym,26287,72.0,0.00273899646212957
2,0.25,nn_dist_global,Lym,26287,71.0,0.0027009548445999926
2,0.25,nn_dist_grid_n3,Lym,26287,69.0,0.0026248716095408375
2,0.25,iou_edgecrop_grid_n5,Eos,26287,12470.0,0.47437897059382966
5,0.25,iou_grid_n1,Lym,5542,17.0,0.003067484662576687
5,0.25,iou_grid_n3,Eos,5542,1151.0,0.20768675568386863
5,0.25,nn_cluster_grid_n2,Lym,5542,17.0,0.003067484662576687
3,0.5,nn_dist_grid_n1,Lym,29624,258.0,0.008709154739400485
3,0.5,nn_cluster_grid_n1,Eos,29624,10003.0,0.33766540642722115
3,0.5,nn_center_grid_n3,Eos,29624,12899.0,0.4354239805563057
3,0.5,iou_grid_n3,Eos,29624,14369.0,0.4850459087226573
5,0.5,iou_grid_n4,Lym,11800,86.0,0.007288135593220339
2,0.5,nn_dist_grid_n3,Eos,58736,33639.0,0.5727152002179243
2,0.5,iou_grid_n5,Lym,58736,947.0,0.016122991010623807
2,0.5,nn_center_grid_n5,Eos,58736,33581.0,0.5717277308635249
3,0.5,iou_edgecrop_global,Lym,29624,507.0,0.01711450175533351
3,0.5,iou_edgecrop_grid_n3,Lym,29624,500.0,0.016878206859303267
5,0.5,iou_edgecrop_grid_n2,Lym,11800,107.0,0.00906779661016949
5,0.5,iou_edgecrop_grid_n3,Eos,11800,4101.0,0.3475423728813559
1,0.0,iou_edgecrop_grid_n5,Eos,22095,11207.0,0.5072188277890926
0,0.025,nn_dist_grid_n4,Lym,76,0.0,0.0
0,0.025,iou_grid_n5,Lym,76,0.0,0.0
0,0.025,nn_dist_global,Eos,76,0.0,0.0
0,0.025,nn_cluster_global,Lym,76,0.0,0.0
0,0.025,iou_edgecrop_grid_n1,Eos,76,0.0,0.0
4,0.05,nn_center_grid_n1,Eos,5234,881.0,0.16832250668704624
4,0.05,nn_center_grid_n3,Eos,5234,896.0,0.1711883836453955
4,0.05,nn_cluster_grid_n3,Lym,5234,13.0,0.002483760030569354
5,0.05,iou_edgecrop_global,Eos,3637,681.0,0.18724223260929337
5,0.05,iou_edgecrop_grid_n1,Lym,3637,9.0,0.002474566950783613
5,0.05,iou_edgecrop_grid_n3,Lym,3637,9.0,0.002474566950783613
5,0.075,nn_center_grid_n2,Eos,3810,533.0,0.13989501312335959
5,0.075,nn_dist_grid_n5,Lym,3810,7.0,0.001837270341207349
5,0.075,nn_center_grid_n5,Eos,3810,533.0,0.13989501312335959
5,0.075,iou_grid_n4,Lym,3810,9.0,0.002362204724409449
5,0.075,nn_center_grid_n4,Eos,3810,533.0,0.13989501312335959
4,0.075,iou_edgecrop_grid_n3,Lym,5518,29.0,0.005255527364987314
4,0.075,iou_edgecrop_grid_n5,Lym,5518,29.0,0.005255527364987314
4,0.075,iou_edgecrop_global,Eos,5518,1236.0,0.22399420079739035
2,0.1,iou_edgecrop_grid_n5,Eos,18295,7401.0,0.4045367586772342
3,0.15,nn_dist_grid_n5,Eos,10543,2692.0,0.25533529355970785
3,0.15,none,Lym,10543,56.0,0.005311581143886939
3,0.15,iou_grid_n2,Eos,10543,3062.0,0.29042966897467515
3,0.15,iou_grid_n5,Lym,10543,64.0,0.006070378450156502
3,0.15,nn_center_grid_n1,Lym,10543,56.0,0.005311581143886939
2,0.15,iou_edgecrop_grid_n1,Lym,20530,24.0,0.0011690209449585973
2,0.15,iou_edgecrop_grid_n5,Lym,20530,31.0,0.001509985387238188
2,0.2,iou_global,Eos,23137,9986.0,0.43160306003371224
1,0.25,iou_edgecrop_grid_n3,Eos,39308,23329.0,0.5934924188460364
4,0.5,nn_cluster_grid_n4,Eos,17666,5945.0,0.3365221329106759
4,0.5,nn_center_global,Eos,17666,5923.0,0.3352768028982226
4,0.5,nn_dist_grid_n1,Eos,17666,4695.0,0.26576474583946563
4,0.0,iou_edgecrop_grid_n1,Lym,4768,23.0,0.004823825503355705
4,0.05,iou_edgecrop_grid_n2,Eos,5234,1212.0,0.2315628582346198
4,0.05,iou_edgecrop_grid_n3,Eos,5234,1213.0,0.23175391669850975
5,0.075,iou_edgecrop_global,Lym,3810,10.0,0.0026246719160104987
5,0.075,iou_global,Eos,3810,609.0,0.15984251968503937
0,0.075,iou_grid_n5,Lym,76,0.0,0.0
0,0.075,nn_dist_grid_n2,Eos,76,0.0,0.0
0,0.075,iou_edgecrop_grid_n2,Lym,76,0.0,0.0
0,0.075,iou_edgecrop_grid_n5,Eos,76,0.0,0.0
2,0.075,iou_global,Lym,17382,16.0,0.0009204924634679554
4,0.1,iou_edgecrop_grid_n5,Eos,5790,1320.0,0.22797927461139897
5,0.1,iou_edgecrop_grid_n5,Eos,3959,732.0,0.18489517554938115
5,0.2,iou_edgecrop_grid_n1,Lym,4928,18.0,0.0036525974025974025
5,0.2,iou_edgecrop_grid_n5,Lym,4928,19.0,0.0038555194805194805
4,0.25,iou_edgecrop_grid_n1,Lym,8176,50.0,0.00611545988258317
4,0.25,iou_edgecrop_grid_n4,Eos,8176,2263.0,0.2767857142857143
3,0.0,nn_center_grid_n1,Lym,7730,38.0,0.004915912031047865
3,0.0,nn_cluster_grid_n5,Lym,7730,38.0,0.004915912031047865
0,0.1,nn_dist_grid_n4,Eos,76,0.0,0.0
0,0.1,iou_edgecrop_grid_n4,Lym,76,0.0,0.0
5,0.1,nn_cluster_grid_n5,Eos,3959,538.0,0.13589290224804243
5,0.1,iou_grid_n4,Eos,3959,644.0,0.1626673402374337
5,0.1,nn_cluster_grid_n3,Lym,3959,12.0,0.0030310684516291994
5,0.1,nn_dist_grid_n4,Eos,3959,538.0,0.13589290224804243
4,0.0,nn_center_grid_n3,Lym,4768,17.0,0.0035654362416107383
4,0.0,iou_grid_n5,Lym,4768,17.0,0.0035654362416107383
4,0.0,nn_dist_grid_n1,Eos,4768,783.0,0.16421979865771813
4,0.0,nn_cluster_global,Lym,4768,17.0,0.0035654362416107383
0,0.0,nn_dist_grid_n1,Lym,76,0.0,0.0
0,0.0,nn_dist_grid_n2,Eos,76,0.0,0.0
0,0.0,nn_cluster_grid_n2,Lym,76,0.0,0.0
0,0.0,nn_center_grid_n3,Eos,76,0.0,0.0
0,0.0,nn_center_grid_n5,Eos,76,0.0,0.0
0,0.05,iou_grid_n5,Eos,76,0.0,0.0
0,0.05,nn_cluster_global,Eos,76,0.0,0.0
0,0.05,nn_dist_grid_n1,Eos,76,0.0,0.0
0,0.05,nn_center_grid_n2,Lym,76,0.0,0.0
0,0.05,nn_dist_grid_n4,Lym,76,0.0,0.0
0,0.05,iou_edgecrop_global,Eos,76,0.0,0.0
0,0.05,iou_edgecrop_grid_n1,Eos,76,0.0,0.0
0,0.05,iou_edgecrop_grid_n2,Lym,76,0.0,0.0
5,0.15,iou_edgecrop_global,Lym,4397,20.0,0.004548555833522857
5,0.15,iou_edgecrop_grid_n1,Lym,4397,20.0,0.004548555833522857
5,0.15,iou_edgecrop_grid_n2,Lym,4397,20.0,0.004548555833522857
5,0.15,iou_edgecrop_grid_n5,Lym,4397,20.0,0.004548555833522857
0,0.15,nn_cluster_grid_n1,Eos,76,0.0,0.0
0,0.15,iou_edgecrop_grid_n3,Eos,76,0.0,0.0
0,0.5,iou_grid_n5,Eos,76,0.0,0.0
0,0.5,nn_cluster_grid_n5,Lym,76,0.0,0.0
0,0.5,nn_center_grid_n3,Lym,76,0.0,0.0
0,0.0,iou_edgecrop_grid_n5,Lym,76,0.0,0.0
0,0.2,nn_cluster_global,Eos,76,0.0,0.0
1,0.0,nn_dist_grid_n1,Lym,22095,82.0,0.0037112468884362977
1,0.0,iou_grid_n4,Eos,22095,10406.0,0.4709662819642453
1,0.0,iou_grid_n5,Eos,22095,10409.0,0.471102059289432
2,0.0,iou_grid_n1,Lym,14887,4.0,0.00026869080405723115
2,0.0,iou_edgecrop_grid_n2,Lym,14887,15.0,0.0010075905152146167
5,0.0,nn_center_grid_n3,Eos,3263,399.0,0.12228011032791909
5,0.0,iou_edgecrop_grid_n1,Eos,3263,599.0,0.18357339871284095
1,0.0,iou_edgecrop_grid_n4,Eos,22095,11205.0,0.5071283095723014
1,0.025,nn_center_grid_n4,Eos,23298,10353.0,0.44437290754571207
1,0.025,iou_grid_n1,Eos,23298,11086.0,0.4758348356082067
1,0.025,iou_grid_n3,Eos,23298,11087.0,0.4758777577474461
4,0.025,nn_cluster_grid_n1,Eos,4972,794.0,0.15969428801287208
5,0.025,nn_dist_grid_n5,Eos,3440,430.0,0.125
5,0.025,nn_center_grid_n2,Lym,3440,5.0,0.0014534883720930232
5,0.025,iou_grid_n3,Eos,3440,492.0,0.14302325581395348
2,0.025,none,Eos,15638,4994.0,0.31935030054994246
2,0.025,nn_center_grid_n1,Lym,15638,9.0,0.0005755211663895639
1,0.025,iou_edgecrop_global,Lym,23298,199.0,0.00854150570864452
3,0.025,nn_center_global,Lym,8095,36.0,0.0044471896232242125
3,0.025,nn_cluster_global,Eos,8095,1758.0,0.21717109326744904
3,0.025,nn_center_grid_n2,Lym,8095,36.0,0.0044471896232242125
3,0.025,nn_center_grid_n5,Lym,8095,36.0,0.0044471896232242125
3,0.025,nn_cluster_grid_n4,Eos,8095,1758.0,0.21717109326744904
4,0.025,iou_edgecrop_grid_n4,Eos,4972,1098.0,0.22083668543845536
1,0.05,nn_cluster_grid_n4,Lym,24520,131.0,0.00534257748776509
1,0.05,nn_cluster_grid_n3,Eos,24520,11090.0,0.45228384991843396
2,0.05,nn_dist_grid_n1,Lym,16505,12.0,0.0007270524083611027
2,0.05,iou_grid_n3,Lym,16505,14.0,0.0008482278097546198
2,0.05,nn_dist_grid_n5,Lym,16505,14.0,0.0008482278097546198
3,0.05,nn_dist_grid_n5,Eos,8497,1937.0,0.2279628104036719
3,0.05,nn_center_global,Eos,8497,1938.0,0.22808049899964694
2,0.05,iou_edgecrop_grid_n4,Eos,16505,6653.0,0.4030899727355347
5,0.05,nn_dist_grid_n3,Eos,3637,478.0,0.13142700027495188
5,0.05,iou_grid_n2,Eos,3637,548.0,0.15067363211437998
2,0.075,nn_center_grid_n4,Lym,17382,15.0,0.0008629616845012082
2,0.075,none,Lym,17382,14.0,0.0008054309055344609
2,0.075,iou_grid_n4,Lym,17382,16.0,0.0009204924634679554
2,0.075,nn_center_global,Lym,17382,15.0,0.0008629616845012082
2,0.075,nn_cluster_global,Lym,17382,15.0,0.0008629616845012082
2,0.075,nn_dist_grid_n1,Lym,17382,14.0,0.0008054309055344609
2,0.075,nn_cluster_grid_n5,Lym,17382,15.0,0.0008629616845012082
4,0.075,nn_dist_grid_n1,Eos,5518,955.0,0.1730699528814788
4,0.075,iou_grid_n2,Lym,5518,26.0,0.004711852120333454
4,0.075,nn_dist_grid_n4,Lym,5518,25.0,0.004530627038782167
4,0.075,nn_center_global,Eos,5518,978.0,0.17723812975715839
3,0.075,nn_dist_grid_n2,Lym,8978,45.0,0.005012252171975941
2,0.075,iou_edgecrop_grid_n5,Eos,17382,6941.0,0.39932113680819237
2,0.075,iou_edgecrop_grid_n1,Eos,17382,6933.0,0.3988608905764584
1,0.075,nn_cluster_grid_n1,Eos,25901,11410.0,0.44052353190996485
1,0.075,iou_grid_n3,Eos,25901,12924.0,0.4989768734797884
1,0.075,nn_center_global,Lym,25901,125.0,0.004826068491564032
1,0.1,iou_grid_n5,Eos,27338,13992.0,0.5118150559660546
3,0.1,nn_center_grid_n1,Eos,9437,2168.0,0.2297340256437427
3,0.1,nn_cluster_grid_n2,Eos,9437,2241.0,0.23746953480979124
3,0.1,nn_dist_global,Lym,9437,67.0,0.007099713892126735
1,0.1,iou_edgecrop_grid_n1,Lym,27338,247.0,0.009035042797571146
1,0.1,iou_edgecrop_grid_n2,Lym,27338,272.0,0.009949520813519642
4,0.1,nn_dist_global,Eos,5790,1034.0,0.1785837651122625
4,0.1,nn_cluster_grid_n2,Lym,5790,25.0,0.004317789291882556
4,0.1,nn_center_grid_n3,Lym,5790,25.0,0.004317789291882556
4,0.1,nn_center_grid_n5,Lym,5790,25.0,0.004317789291882556
4,0.1,nn_cluster_grid_n5,Eos,5790,1034.0,0.1785837651122625
1,0.15,iou_grid_n5,Eos,30595,16339.0,0.5340415100506619
1,0.15,nn_center_grid_n2,Eos,30595,15115.0,0.4940349730348096
1,0.15,nn_center_grid_n3,Lym,30595,266.0,0.008694231083510378
1,0.15,nn_center_grid_n4,Eos,30595,15115.0,0.4940349730348096
4,0.15,nn_dist_grid_n3,Lym,6422,35.0,0.0054500155714730615
4,0.15,iou_edgecrop_grid_n5,Eos,6422,1551.0,0.24151354718156337
5,0.15,iou_grid_n1,Lym,4397,17.0,0.003866272458494428
5,0.15,nn_center_grid_n2,Lym,4397,17.0,0.003866272458494428
2,0.15,nn_dist_grid_n5,Lym,20530,22.0,0.001071602532878714
2,0.15,nn_cluster_grid_n5,Eos,20530,7558.0,0.36814417924987825
2,0.15,nn_center_grid_n1,Lym,20530,16.0,0.0007793472966390648
2,0.15,none,Lym,20530,16.0,0.0007793472966390648
2,0.15,nn_cluster_grid_n2,Lym,20530,23.0,0.0011203117389186556
2,0.15,nn_center_global,Lym,20530,24.0,0.0011690209449585973
1,0.2,nn_dist_grid_n5,Eos,34606,17950.0,0.5186961798532046
1,0.2,none,Lym,34606,133.0,0.0038432641738426862
1,0.2,nn_dist_global,Lym,34606,388.0,0.011211928567300468
1,0.2,nn_dist_grid_n1,Lym,34606,133.0,0.0038432641738426862
2,0.2,nn_center_grid_n1,Lym,23137,26.0,0.0011237411937589142
2,0.2,nn_cluster_grid_n1,Eos,23137,8147.0,0.35211998098284136
2,0.2,iou_grid_n2,Eos,23137,9999.0,0.4321649306305917
2,0.2,nn_dist_global,Lym,23137,39.0,0.0016856117906383714
2,0.2,nn_dist_grid_n5,Lym,23137,39.0,0.0016856117906383714
3,0.2,iou_edgecrop_global,Lym,11848,95.0,0.008018230925050641
3,0.2,iou_edgecrop_grid_n1,Eos,11848,3693.0,0.31169817690749496
4,0.2,nn_cluster_grid_n1,Eos,7201,1349.0,0.18733509234828497
3,0.2,nn_cluster_grid_n2,Lym,11848,87.0,0.007343011478730587
3,0.2,nn_center_grid_n3,Eos,11848,3222.0,0.27194463200540175
4,0.2,iou_global,Lym,7201,38.0,0.005277044854881266
1,0.25,nn_dist_grid_n1,Lym,39308,128.0,0.003256334588378956
1,0.25,nn_cluster_grid_n3,Lym,39308,529.0,0.013457820291034903
1,0.25,none,Lym,39308,128.0,0.003256334588378956
1,0.25,iou_grid_n2,Lym,39308,593.0,0.015085987585224381
3,0.25,iou_edgecrop_grid_n5,Eos,13405,4783.0,0.3568071615069004
4,0.25,nn_center_global,Lym,8176,37.0,0.004525440313111546
4,0.25,nn_cluster_global,Eos,8176,1815.0,0.22199119373776907
2,0.25,nn_cluster_grid_n5,Lym,26287,70.0,0.0026629132270704152
2,0.25,iou_grid_n5,Lym,26287,82.0,0.003119412637425343
2,0.25,nn_dist_grid_n2,Eos,26287,10926.0,0.4156427131281622
2,0.25,nn_dist_global,Eos,26287,10947.0,0.4164415870962833
2,0.25,nn_dist_grid_n3,Eos,26287,10922.0,0.4154905466580439
2,0.25,iou_edgecrop_grid_n5,Lym,26287,119.0,0.004526952486019705
5,0.25,iou_grid_n1,Eos,5542,998.0,0.18007939372067847
5,0.25,iou_grid_n3,Lym,5542,19.0,0.003428365211115121
5,0.25,nn_cluster_grid_n2,Eos,5542,991.0,0.17881631180079394
3,0.5,nn_dist_grid_n1,Eos,29624,10003.0,0.33766540642722115
3,0.5,nn_cluster_grid_n1,Lym,29624,258.0,0.008709154739400485
3,0.5,nn_center_grid_n3,Lym,29624,379.0,0.012793680799351876
3,0.5,iou_grid_n3,Lym,29624,405.0,0.013671347556035647
5,0.5,iou_grid_n4,Eos,11800,3707.0,0.31415254237288137
2,0.5,iou_grid_n5,Eos,58736,36190.0,0.616146826477799
2,0.5,nn_dist_grid_n3,Lym,58736,846.0,0.014403432307273223
2,0.5,nn_center_grid_n5,Lym,58736,849.0,0.014454508308362844
3,0.5,iou_edgecrop_global,Eos,29624,15122.0,0.510464488252768
3,0.5,iou_edgecrop_grid_n3,Eos,29624,15129.0,0.5107007831487983
5,0.5,iou_edgecrop_grid_n2,Eos,11800,4093.0,0.346864406779661
5,0.5,iou_edgecrop_grid_n3,Lym,11800,113.0,0.009576271186440678
1,0.0,iou_edgecrop_grid_n5,Lym,22095,185.0,0.008372935053179452
0,0.025,nn_dist_grid_n4,Eos,76,0.0,0.0
0,0.025,iou_grid_n5,Eos,76,0.0,0.0
0,0.025,nn_dist_global,Lym,76,0.0,0.0
0,0.025,nn_cluster_global,Eos,76,0.0,0.0
0,0.025,iou_edgecrop_grid_n1,Lym,76,0.0,0.0
4,0.05,nn_center_grid_n1,Lym,5234,13.0,0.002483760030569354
4,0.05,nn_center_grid_n3,Lym,5234,13.0,0.002483760030569354
4,0.05,nn_cluster_grid_n3,Eos,5234,896.0,0.1711883836453955
5,0.05,iou_edgecrop_global,Lym,3637,9.0,0.002474566950783613
5,0.05,iou_edgecrop_grid_n1,Eos,3637,680.0,0.18696728072587296
5,0.05,iou_edgecrop_grid_n3,Eos,3637,681.0,0.18724223260929337
5,0.075,nn_center_grid_n2,Lym,3810,7.0,0.001837270341207349
5,0.075,nn_dist_grid_n5,Eos,3810,533.0,0.13989501312335959
5,0.075,nn_center_grid_n5,Lym,3810,7.0,0.001837270341207349
5,0.075,iou_grid_n4,Eos,3810,609.0,0.15984251968503937
5,0.075,nn_center_grid_n4,Lym,3810,7.0,0.001837270341207349
4,0.075,iou_edgecrop_grid_n3,Eos,5518,1234.0,0.22363175063428778
4,0.075,iou_edgecrop_grid_n5,Eos,5518,1235.0,0.22381297571583908
4,0.075,iou_edgecrop_global,Lym,5518,29.0,0.005255527364987314
2,0.1,iou_edgecrop_grid_n5,Lym,18295,25.0,0.001366493577480186
3,0.15,nn_dist_grid_n5,Lym,10543,59.0,0.005596130133738025
3,0.15,none,Eos,10543,2518.0,0.23883145214834486
3,0.15,iou_grid_n2,Lym,10543,66.0,0.006260077776723893
3,0.15,iou_grid_n5,Eos,10543,3060.0,0.2902399696481078
3,0.15,nn_center_grid_n1,Eos,10543,2518.0,0.23883145214834486
2,0.15,iou_edgecrop_grid_n1,Eos,20530,8401.0,0.40920603994154897
2,0.15,iou_edgecrop_grid_n5,Eos,20530,8717.0,0.42459814905017046
2,0.2,iou_global,Lym,23137,41.0,0.0017720534209275187
1,0.25,iou_edgecrop_grid_n3,Lym,39308,796.0,0.020250330721481632
4,0.5,nn_cluster_grid_n4,Lym,17666,167.0,0.009453186912713686
4,0.5,nn_center_global,Lym,17666,159.0,0.009000339635457941
4,0.5,nn_dist_grid_n1,Lym,17666,125.0,0.007075738707121023
4,0.0,iou_edgecrop_grid_n1,Eos,4768,1066.0,0.2235738255033557
4,0.05,iou_edgecrop_grid_n2,Lym,5234,24.0,0.0045854031333588076
4,0.05,iou_edgecrop_grid_n3,Lym,5234,24.0,0.0045854031333588076
5,0.075,iou_edgecrop_global,Eos,3810,693.0,0.18188976377952756
5,0.075,iou_global,Lym,3810,8.0,0.002099737532808399
0,0.075,iou_grid_n5,Eos,76,0.0,0.0
0,0.075,nn_dist_grid_n2,Lym,76,0.0,0.0
0,0.075,iou_edgecrop_grid_n2,Eos,76,0.0,0.0
0,0.075,iou_edgecrop_grid_n5,Lym,76,0.0,0.0
2,0.075,iou_global,Eos,17382,6578.0,0.37843746404326317
4,0.1,iou_edgecrop_grid_n5,Lym,5790,28.0,0.004835924006908463
5,0.1,iou_edgecrop_grid_n5,Lym,3959,13.0,0.003283657489264966
5,0.2,iou_edgecrop_grid_n1,Eos,4928,976.0,0.19805194805194806
5,0.2,iou_edgecrop_grid_n5,Eos,4928,1039.0,0.21083603896103897
4,0.25,iou_edgecrop_grid_n1,Eos,8176,2091.0,0.2557485322896282
4,0.25,iou_edgecrop_grid_n4,Lym,8176,54.0,0.0066046966731898235
3,0.0,nn_center_grid_n1,Eos,7730,1686.0,0.21811125485122898
3,0.0,nn_cluster_grid_n5,Eos,7730,1686.0,0.21811125485122898
0,0.1,nn_dist_grid_n4,Lym,76,0.0,0.0
0,0.1,iou_edgecrop_grid_n4,Eos,76,0.0,0.0
5,0.1,nn_cluster_grid_n5,Lym,3959,12.0,0.0030310684516291994
5,0.1,iou_grid_n4,Lym,3959,12.0,0.0030310684516291994
5,0.1,nn_cluster_grid_n3,Eos,3959,538.0,0.13589290224804243
5,0.1,nn_dist_grid_n4,Lym,3959,12.0,0.0030310684516291994
4,0.0,nn_center_grid_n3,Eos,4768,783.0,0.16421979865771813
4,0.0,iou_grid_n5,Eos,4768,889.0,0.1864513422818792
4,0.0,nn_dist_grid_n1,Lym,4768,17.0,0.0035654362416107383
4,0.0,nn_cluster_global,Eos,4768,783.0,0.16421979865771813
0,0.0,nn_dist_grid_n1,Eos,76,0.0,0.0
0,0.0,nn_dist_grid_n2,Lym,76,0.0,0.0
0,0.0,nn_cluster_grid_n2,Eos,76,0.0,0.0
0,0.0,nn_center_grid_n3,Lym,76,0.0,0.0
0,0.0,nn_center_grid_n5,Lym,76,0.0,0.0
0,0.05,iou_grid_n5,Lym,76,0.0,0.0
0,0.05,nn_cluster_global,Lym,76,0.0,0.0
0,0.05,nn_dist_grid_n1,Lym,76,0.0,0.0
0,0.05,nn_center_grid_n2,Eos,76,0.0,0.0
0,0.05,nn_dist_grid_n4,Eos,76,0.0,0.0
0,0.05,iou_edgecrop_global,Lym,76,0.0,0.0
0,0.05,iou_edgecrop_grid_n1,Lym,76,0.0,0.0
0,0.05,iou_edgecrop_grid_n2,Eos,76,0.0,0.0
5,0.15,iou_edgecrop_global,Eos,4397,878.0,0.1996816010916534
5,0.15,iou_edgecrop_grid_n1,Eos,4397,849.0,0.19308619513304526
5,0.15,iou_edgecrop_grid_n2,Eos,4397,876.0,0.1992267455083011
5,0.15,iou_edgecrop_grid_n5,Eos,4397,879.0,0.19990902888332954
0,0.15,nn_cluster_grid_n1,Lym,76,0.0,0.0
0,0.15,iou_edgecrop_grid_n3,Lym,76,0.0,0.0
0,0.5,iou_grid_n5,Lym,76,0.0,0.0
0,0.5,nn_cluster_grid_n5,Eos,76,0.0,0.0
0,0.5,nn_center_grid_n3,Eos,76,0.0,0.0
0,0.0,iou_edgecrop_grid_n5,Eos,76,0.0,0.0
0,0.2,nn_cluster_global,Lym,76,0.0,0.0
1,0.0,nn_center_global,Lym,22095,86.0,0.003892283322018556
1,0.0,nn_cluster_grid_n3,Eos,22095,9647.0,0.4366146186920118
2,0.0,nn_cluster_grid_n5,Eos,14887,4757.0,0.31954053872506216
2,0.0,nn_dist_grid_n2,Lym,14887,4.0,0.00026869080405723115
2,0.0,none,Eos,14887,4757.0,0.31954053872506216
2,0.0,iou_grid_n5,Lym,14887,4.0,0.00026869080405723115
5,0.0,nn_dist_grid_n1,Eos,3263,399.0,0.12228011032791909
5,0.0,nn_dist_grid_n2,Lym,3263,6.0,0.0018387986515476554
5,0.0,nn_center_grid_n2,Lym,3263,6.0,0.0018387986515476554
5,0.0,iou_edgecrop_grid_n5,Eos,3263,599.0,0.18357339871284095
1,0.0,iou_edgecrop_grid_n1,Lym,22095,184.0,0.008327675944783888
1,0.025,nn_cluster_grid_n3,Eos,23298,10371.0,0.44514550605202163
1,0.025,nn_center_grid_n5,Eos,23298,10354.0,0.4444158296849515
1,0.025,nn_cluster_grid_n5,Eos,23298,10373.0,0.4452313503305005
4,0.025,nn_center_grid_n3,Eos,4972,797.0,0.16029766693483508
4,0.025,nn_cluster_global,Lym,4972,19.0,0.003821399839098954
4,0.025,iou_grid_n5,Lym,4972,19.0,0.003821399839098954
4,0.025,nn_dist_grid_n1,Eos,4972,794.0,0.15969428801287208
5,0.025,nn_dist_grid_n2,Eos,3440,430.0,0.125
5,0.025,nn_center_global,Lym,3440,5.0,0.0014534883720930232
2,0.025,nn_cluster_grid_n4,Eos,15638,5025.0,0.32133265123417315
2,0.025,nn_dist_grid_n5,Lym,15638,9.0,0.0005755211663895639
2,0.025,iou_grid_n4,Lym,15638,9.0,0.0005755211663895639
2,0.025,iou_edgecrop_grid_n3,Lym,15638,27.0,0.0017265634991686916
1,0.025,iou_edgecrop_grid_n3,Eos,23298,11897.0,0.5106446905313761
3,0.025,nn_dist_global,Eos,8095,1756.0,0.2169240271772699
3,0.025,nn_dist_grid_n2,Lym,8095,36.0,0.0044471896232242125
3,0.025,nn_center_grid_n3,Lym,8095,36.0,0.0044471896232242125
1,0.05,iou_grid_n5,Lym,24520,138.0,0.005628058727569331
2,0.05,nn_cluster_grid_n2,Eos,16505,5525.0,0.334747046349591
2,0.05,iou_grid_n1,Eos,16505,5941.0,0.3599515298394426
2,0.05,nn_cluster_grid_n5,Lym,16505,14.0,0.0008482278097546198
3,0.05,nn_dist_grid_n4,Lym,8497,41.0,0.0048252324349770505
2,0.05,iou_edgecrop_grid_n3,Lym,16505,23.0,0.0013935171160254468
2,0.05,iou_edgecrop_global,Eos,16505,6654.0,0.40315056043623143
5,0.05,nn_center_grid_n1,Eos,3637,471.0,0.12950233709100908
5,0.05,nn_center_grid_n2,Eos,3637,479.0,0.1317019521583723
5,0.05,nn_dist_grid_n5,Lym,3637,7.0,0.00192466318394281
5,0.05,nn_center_global,Eos,3637,479.0,0.1317019521583723
1,0.05,iou_edgecrop_grid_n4,Lym,24520,220.0,0.00897226753670473
2,0.075,nn_cluster_grid_n4,Lym,17382,15.0,0.0008629616845012082
2,0.075,iou_grid_n5,Eos,17382,6575.0,0.3782648717063629
2,0.075,nn_dist_global,Eos,17382,5933.0,0.3413301116097112
2,0.075,iou_grid_n1,Lym,17382,15.0,0.0008629616845012082
2,0.075,nn_cluster_grid_n2,Eos,17382,5936.0,0.3415027039466114
4,0.075,nn_cluster_global,Lym,5518,25.0,0.004530627038782167
4,0.075,nn_dist_grid_n5,Eos,5518,977.0,0.1770569046756071
3,0.075,nn_cluster_grid_n3,Lym,8978,45.0,0.005012252171975941
3,0.075,nn_center_grid_n5,Lym,8978,45.0,0.005012252171975941
1,0.075,iou_grid_n1,Lym,25901,94.0,0.0036292035056561525
1,0.075,iou_grid_n2,Eos,25901,12913.0,0.4985521794525308
1,0.075,iou_grid_n5,Lym,25901,143.0,0.005521022354349253
1,0.075,nn_center_grid_n1,Lym,25901,77.0,0.002972858190803444
1,0.075,nn_cluster_grid_n4,Eos,25901,11971.0,0.46218292730010424
3,0.075,iou_edgecrop_grid_n5,Eos,8978,2600.0,0.28959679215860995
3,0.075,iou_edgecrop_grid_n2,Eos,8978,2602.0,0.2898195589218089
1,0.075,iou_edgecrop_grid_n3,Eos,25901,13238.0,0.5110999575305972
1,0.1,iou_grid_n3,Eos,27338,13991.0,0.5117784768454167
1,0.1,iou_grid_n4,Eos,27338,13995.0,0.5119247933279684
1,0.1,none,Lym,27338,121.0,0.004426073597190724
1,0.1,nn_dist_grid_n4,Eos,27338,12928.0,0.47289487160728655
1,0.1,nn_cluster_grid_n4,Lym,27338,186.0,0.0068037164386568144
2,0.1,nn_cluster_grid_n4,Eos,18295,6381.0,0.34878382071604264
3,0.1,nn_dist_grid_n3,Lym,9437,67.0,0.007099713892126735
3,0.1,nn_center_grid_n3,Lym,9437,67.0,0.007099713892126735
1,0.1,iou_edgecrop_grid_n3,Lym,27338,271.0,0.009912941692881703
4,0.1,nn_center_grid_n4,Eos,5790,1033.0,0.17841105354058723
1,0.15,none,Eos,30595,13511.0,0.4416081058996568
1,0.15,nn_cluster_grid_n3,Lym,30595,261.0,0.008530805687203791
4,0.15,iou_grid_n5,Lym,6422,35.0,0.0054500155714730615
4,0.15,iou_edgecrop_grid_n4,Lym,6422,39.0,0.006072874493927126
5,0.15,nn_dist_grid_n5,Eos,4397,665.0,0.15123948146463498
5,0.15,iou_grid_n2,Lym,4397,17.0,0.003866272458494428
5,0.15,iou_grid_n5,Eos,4397,778.0,0.17693882192403912
5,0.15,nn_dist_global,Lym,4397,17.0,0.003866272458494428
5,0.15,nn_dist_grid_n3,Eos,4397,664.0,0.15101205367295883
2,0.15,nn_cluster_grid_n4,Lym,20530,23.0,0.0011203117389186556
2,0.15,nn_cluster_global,Lym,20530,23.0,0.0011203117389186556
2,0.15,iou_grid_n1,Eos,20530,7689.0,0.37452508524111056
2,0.15,nn_cluster_grid_n3,Lym,20530,23.0,0.0011203117389186556
2,0.15,nn_center_grid_n2,Eos,20530,7557.0,0.3680954700438383
4,0.15,iou_edgecrop_global,Lym,6422,39.0,0.006072874493927126
4,0.15,iou_edgecrop_grid_n2,Lym,6422,39.0,0.006072874493927126
1,0.2,nn_dist_grid_n4,Eos,34606,17953.0,0.5187828700225394
1,0.2,iou_grid_n3,Lym,34606,412.0,0.011905449921978848
1,0.2,nn_center_grid_n1,Lym,34606,133.0,0.0038432641738426862
2,0.2,nn_center_grid_n2,Eos,23137,9039.0,0.39067294809180103
2,0.2,iou_grid_n5,Lym,23137,41.0,0.0017720534209275187
2,0.2,nn_center_grid_n5,Eos,23137,9043.0,0.3908458313523793
4,0.2,nn_dist_grid_n2,Lym,7201,36.0,0.004999305651992779
4,0.2,nn_center_grid_n2,Eos,7201,1451.0,0.20149979169559784
4,0.2,nn_cluster_grid_n5,Eos,7201,1445.0,0.20066657408693236
4,0.2,iou_grid_n5,Eos,7201,1686.0,0.23413414803499513
4,0.2,nn_dist_grid_n4,Eos,7201,1451.0,0.20149979169559784
3,0.2,nn_dist_grid_n3,Lym,11848,84.0,0.0070898041863605675
3,0.2,nn_cluster_grid_n5,Lym,11848,87.0,0.007343011478730587
4,0.2,iou_edgecrop_grid_n2,Eos,7201,1869.0,0.25954728509929176
1,0.25,nn_cluster_grid_n1,Eos,39308,17281.0,0.4396306095451308
1,0.25,iou_grid_n3,Lym,39308,606.0,0.01541670906685662
1,0.25,nn_cluster_grid_n4,Eos,39308,21480.0,0.5464536481123435
1,0.25,nn_dist_global,Eos,39308,21489.0,0.546682609138089
4,0.25,iou_grid_n3,Eos,8176,2105.0,0.2574608610567515
2,0.25,nn_dist_grid_n5,Eos,26287,10939.0,0.4161372541560467
2,0.25,iou_grid_n2,Lym,26287,86.0,0.003271579107543653
2,0.25,nn_cluster_global,Eos,26287,10941.0,0.4162133373911059
3,0.25,nn_center_grid_n3,Lym,13405,88.0,0.006564714658709437
3,0.25,nn_center_grid_n1,Eos,13405,3553.0,0.26505035434539354
3,0.25,nn_cluster_global,Eos,13405,3976.0,0.29660574412532636
3,0.25,iou_grid_n1,Lym,13405,78.0,0.005818724356583364
5,0.25,nn_center_grid_n3,Eos,5542,990.0,0.17863587152652471
5,0.25,nn_dist_grid_n5,Lym,5542,18.0,0.003247924936845904
1,0.5,nn_dist_global,Eos,88352,61905.0,0.7006632560666425
1,0.5,nn_cluster_global,Lym,88352,5563.0,0.06296405287939152
1,0.5,nn_center_grid_n3,Eos,88352,61830.0,0.6998143788482434
1,0.5,nn_cluster_grid_n1,Eos,88352,38758.0,0.4386771097428468
1,0.5,iou_edgecrop_grid_n1,Lym,88352,780.0,0.00882832307135096
3,0.5,nn_center_grid_n4,Lym,29624,392.0,0.013232514177693762
3,0.5,nn_cluster_grid_n4,Lym,29624,391.0,0.013198757763975156
3,0.5,nn_cluster_grid_n5,Lym,29624,392.0,0.013232514177693762
5,0.5,nn_cluster_global,Lym,11800,79.0,0.006694915254237288
2,0.5,nn_dist_grid_n4,Eos,58736,33611.0,0.5722384908744211
2,0.5,none,Eos,58736,24852.0,0.4231135930264233
2,0.5,iou_grid_n1,Eos,58736,26690.0,0.45440615636066467
2,0.5,nn_dist_grid_n2,Lym,58736,837.0,0.014250204304004359
4,0.05,nn_center_global,Lym,5234,13.0,0.002483760030569354
4,0.05,iou_grid_n1,Lym,5234,13.0,0.002483760030569354
4,0.05,nn_dist_grid_n2,Lym,5234,13.0,0.002483760030569354
4,0.05,nn_center_grid_n4,Lym,5234,13.0,0.002483760030569354
5,0.05,iou_edgecrop_grid_n4,Eos,3637,679.0,0.18669232884245257
5,0.05,iou_edgecrop_grid_n5,Eos,3637,681.0,0.18724223260929337
5,0.075,nn_dist_grid_n3,Lym,3810,7.0,0.001837270341207349
5,0.075,iou_grid_n5,Lym,3810,8.0,0.002099737532808399
5,0.075,nn_cluster_global,Lym,3810,7.0,0.001837270341207349
5,0.075,nn_dist_grid_n1,Lym,3810,7.0,0.001837270341207349
5,0.075,iou_grid_n1,Eos,3810,580.0,0.15223097112860892
4,0.075,iou_edgecrop_grid_n1,Lym,5518,29.0,0.005255527364987314
3,0.15,nn_cluster_grid_n3,Lym,10543,59.0,0.005596130133738025
3,0.15,nn_dist_grid_n4,Eos,10543,2691.0,0.25524044389642414
3,0.15,nn_cluster_grid_n1,Lym,10543,56.0,0.005311581143886939
1,0.25,iou_edgecrop_grid_n1,Lym,39308,345.0,0.008776839320240155
4,0.5,nn_center_grid_n2,Lym,17666,162.0,0.009170157364428846
4,0.0,iou_edgecrop_global,Lym,4768,23.0,0.004823825503355705
3,0.05,iou_global,Lym,8497,41.0,0.0048252324349770505
4,0.05,iou_edgecrop_grid_n5,Lym,5234,24.0,0.0045854031333588076
0,0.075,iou_grid_n3,Lym,76,0.0,0.0
0,0.075,nn_dist_grid_n3,Lym,76,0.0,0.0
0,0.075,iou_edgecrop_grid_n4,Lym,76,0.0,0.0
4,0.1,iou_edgecrop_grid_n4,Lym,5790,28.0,0.004835924006908463
5,0.1,iou_edgecrop_grid_n4,Eos,3959,736.0,0.18590553169992421
5,0.1,iou_edgecrop_grid_n2,Lym,3959,13.0,0.003283657489264966
3,0.15,iou_global,Lym,10543,63.0,0.005975528786872806
5,0.2,nn_center_grid_n5,Eos,4928,788.0,0.1599025974025974
5,0.2,iou_grid_n2,Lym,4928,21.0,0.004261363636363636
5,0.2,nn_cluster_global,Eos,4928,791.0,0.16051136363636365
5,0.2,nn_dist_grid_n1,Eos,4928,742.0,0.15056818181818182
5,0.2,nn_center_grid_n1,Eos,4928,742.0,0.15056818181818182
3,0.0,nn_dist_grid_n5,Eos,7730,1686.0,0.21811125485122898
3,0.0,nn_center_grid_n5,Eos,7730,1687.0,0.21824062095730917
3,0.0,none,Eos,7730,1686.0,0.21811125485122898
3,0.0,nn_cluster_grid_n2,Eos,7730,1686.0,0.21811125485122898
2,0.05,iou_global,Eos,16505,6110.0,0.3701908512571948
5,0.1,iou_global,Eos,3959,644.0,0.1626673402374337
0,0.1,nn_center_grid_n3,Lym,76,0.0,0.0
0,0.1,nn_dist_grid_n5,Eos,76,0.0,0.0
0,0.1,iou_edgecrop_grid_n1,Eos,76,0.0,0.0
0,0.1,iou_edgecrop_grid_n2,Eos,76,0.0,0.0
0,0.1,iou_edgecrop_grid_n3,Eos,76,0.0,0.0
5,0.1,nn_cluster_grid_n4,Eos,3959,538.0,0.13589290224804243
5,0.1,iou_grid_n2,Lym,3959,12.0,0.0030310684516291994
5,0.1,nn_dist_grid_n2,Lym,3959,12.0,0.0030310684516291994
5,0.1,nn_center_grid_n2,Eos,3959,539.0,0.1361454912856782
5,0.1,nn_cluster_grid_n2,Lym,3959,12.0,0.0030310684516291994
4,0.0,nn_dist_grid_n3,Lym,4768,17.0,0.0035654362416107383
0,0.0,none,Lym,76,0.0,0.0
0,0.0,iou_grid_n5,Eos,76,0.0,0.0
0,0.0,nn_center_global,Lym,76,0.0,0.0
0,0.0,nn_cluster_grid_n4,Lym,76,0.0,0.0
3,0.0,iou_edgecrop_grid_n3,Lym,7730,48.0,0.006209573091849935
0,0.05,iou_grid_n1,Eos,76,0.0,0.0
0,0.05,iou_grid_n2,Eos,76,0.0,0.0
0,0.05,nn_cluster_grid_n2,Eos,76,0.0,0.0
0,0.05,iou_global,Lym,76,0.0,0.0
5,0.15,iou_edgecrop_grid_n4,Eos,4397,879.0,0.19990902888332954
3,0.2,iou_global,Lym,11848,91.0,0.007680621201890615
2,0.1,iou_global,Eos,18295,7066.0,0.38622574473899973
0,0.15,iou_grid_n1,Eos,76,0.0,0.0
0,0.15,iou_grid_n5,Eos,76,0.0,0.0
0,0.15,nn_dist_global,Eos,76,0.0,0.0
0,0.15,nn_center_global,Eos,76,0.0,0.0
0,0.15,nn_dist_grid_n1,Lym,76,0.0,0.0
0,0.15,iou_edgecrop_grid_n5,Eos,76,0.0,0.0
0,0.15,iou_global,Lym,76,0.0,0.0
5,0.25,iou_edgecrop_grid_n1,Lym,5542,21.0,0.0037892457596535546
0,0.5,nn_center_grid_n2,Eos,76,0.0,0.0
0,0.5,nn_cluster_global,Lym,76,0.0,0.0
0,0.5,iou_grid_n1,Lym,76,0.0,0.0
0,0.5,iou_grid_n2,Eos,76,0.0,0.0
0,0.5,nn_center_global,Eos,76,0.0,0.0
0,0.5,iou_edgecrop_grid_n5,Eos,76,0.0,0.0
0,0.5,iou_global,Eos,76,0.0,0.0
5,0.025,iou_edgecrop_grid_n3,Lym,3440,11.0,0.003197674418604651
0,0.0,iou_edgecrop_global,Lym,76,0.0,0.0
0,0.2,nn_cluster_grid_n3,Lym,76,0.0,0.0
0,0.2,nn_center_global,Eos,76,0.0,0.0
0,0.25,nn_dist_grid_n1,Lym,76,0.0,0.0
0,0.25,nn_center_grid_n1,Lym,76,0.0,0.0
0,0.25,none,Lym,76,0.0,0.0
0,0.25,iou_grid_n2,Eos,76,0.0,0.0
0,0.25,iou_grid_n3,Lym,76,0.0,0.0
0,0.25,nn_cluster_global,Lym,76,0.0,0.0
0,0.25,nn_cluster_grid_n2,Lym,76,0.0,0.0
0,0.25,nn_center_grid_n4,Eos,76,0.0,0.0
0,0.25,nn_center_grid_n5,Eos,76,0.0,0.0
0,0.25,iou_edgecrop_global,Eos,76,0.0,0.0
3,0.075,iou_global,Lym,8978,47.0,0.005235018935174872
1,0.0,nn_dist_grid_n2,Lym,22095,87.0,0.003937542430414121
1,0.0,nn_center_grid_n3,Eos,22095,9643.0,0.4364335822584295
1,0.0,nn_dist_grid_n4,Lym,22095,87.0,0.003937542430414121
1,0.0,nn_center_grid_n5,Eos,22095,9643.0,0.4364335822584295
2,0.0,nn_cluster_grid_n1,Eos,14887,4757.0,0.31954053872506216
2,0.0,nn_dist_global,Eos,14887,4757.0,0.31954053872506216
2,0.0,iou_grid_n4,Lym,14887,4.0,0.00026869080405723115
2,0.0,iou_edgecrop_grid_n4,Eos,14887,5958.0,0.4002149526432458
2,0.0,iou_edgecrop_grid_n3,Lym,14887,15.0,0.0010075905152146167
5,0.0,nn_dist_global,Eos,3263,399.0,0.12228011032791909
5,0.0,iou_grid_n2,Lym,3263,6.0,0.0018387986515476554
5,0.0,nn_center_grid_n4,Eos,3263,399.0,0.12228011032791909
5,0.0,iou_edgecrop_global,Eos,3263,602.0,0.18449279803861476
1,0.025,nn_center_global,Eos,23298,10352.0,0.44432998540647267
1,0.025,iou_grid_n4,Eos,23298,11096.0,0.4762640570006009
1,0.025,iou_grid_n5,Lym,23298,103.0,0.0044209803416602285
4,0.025,nn_dist_grid_n2,Eos,4972,797.0,0.16029766693483508
4,0.025,iou_grid_n3,Lym,4972,19.0,0.003821399839098954
5,0.025,nn_center_grid_n4,Eos,3440,429.0,0.12470930232558139
5,0.025,nn_cluster_grid_n5,Lym,3440,5.0,0.0014534883720930232
5,0.025,nn_cluster_global,Eos,3440,430.0,0.125
5,0.025,nn_dist_grid_n1,Lym,3440,5.0,0.0014534883720930232
5,0.025,nn_center_grid_n1,Lym,3440,5.0,0.0014534883720930232
5,0.025,nn_center_grid_n3,Eos,3440,429.0,0.12470930232558139
5,0.025,none,Eos,3440,429.0,0.12470930232558139
5,0.025,iou_grid_n2,Eos,3440,491.0,0.1427325581395349
5,0.025,iou_grid_n5,Lym,3440,5.0,0.0014534883720930232
2,0.025,nn_cluster_global,Lym,15638,9.0,0.0005755211663895639
2,0.025,iou_edgecrop_global,Lym,15638,27.0,0.0017265634991686916
1,0.025,iou_edgecrop_grid_n1,Lym,23298,199.0,0.00854150570864452
3,0.025,iou_grid_n3,Lym,8095,36.0,0.0044471896232242125
3,0.025,iou_grid_n4,Eos,8095,1961.0,0.24224830142063003
3,0.025,nn_cluster_grid_n1,Lym,8095,36.0,0.0044471896232242125
3,0.025,nn_dist_grid_n3,Eos,8095,1757.0,0.2170475602223595
4,0.025,iou_edgecrop_grid_n1,Eos,4972,1099.0,0.22103781174577636
1,0.05,nn_cluster_grid_n2,Eos,24520,11090.0,0.45228384991843396
2,0.05,nn_cluster_grid_n1,Lym,16505,12.0,0.0007270524083611027
2,0.05,iou_grid_n5,Eos,16505,6119.0,0.3707361405634656
3,0.05,nn_center_grid_n2,Lym,8497,41.0,0.0048252324349770505
3,0.05,nn_center_grid_n5,Eos,8497,1938.0,0.22808049899964694
3,0.05,nn_cluster_grid_n2,Eos,8497,1936.0,0.22784512180769684
3,0.05,iou_grid_n5,Lym,8497,41.0,0.0048252324349770505
3,0.05,nn_cluster_global,Lym,8497,41.0,0.0048252324349770505
5,0.05,nn_cluster_grid_n1,Lym,3637,7.0,0.00192466318394281
5,0.05,nn_dist_grid_n2,Eos,3637,479.0,0.1317019521583723
5,0.05,nn_dist_grid_n4,Lym,3637,7.0,0.00192466318394281
5,0.05,none,Lym,3637,7.0,0.00192466318394281
5,0.05,iou_grid_n3,Lym,3637,7.0,0.00192466318394281
5,0.05,nn_cluster_global,Eos,3637,479.0,0.1317019521583723
1,0.05,iou_edgecrop_grid_n3,Eos,24520,12479.0,0.508931484502447
2,0.075,nn_cluster_grid_n3,Eos,17382,5937.0,0.34156023472557817
4,0.075,nn_cluster_grid_n2,Eos,5518,976.0,0.1768756795940558
4,0.075,nn_dist_grid_n3,Eos,5518,977.0,0.1770569046756071
3,0.075,nn_dist_grid_n4,Eos,8978,2137.0,0.23802628647805749
3,0.075,nn_dist_grid_n5,Eos,8978,2135.0,0.23780351971485855
3,0.075,iou_grid_n2,Eos,8978,2414.0,0.2688794831811094
1,0.075,nn_center_grid_n5,Lym,25901,123.0,0.0047488513956990075
1,0.075,nn_center_grid_n3,Eos,25901,11953.0,0.461487973437319
1,0.075,nn_cluster_grid_n3,Eos,25901,11970.0,0.4621443187521717
1,0.075,nn_center_grid_n4,Lym,25901,124.0,0.00478745994363152
3,0.075,iou_edgecrop_grid_n4,Lym,8978,54.0,0.00601470260637113
1,0.1,nn_center_grid_n5,Eos,27338,12919.0,0.4725656595215451
1,0.1,iou_grid_n1,Lym,27338,136.0,0.004974760406759821
1,0.1,nn_cluster_grid_n2,Lym,27338,186.0,0.0068037164386568144
2,0.1,nn_center_grid_n2,Eos,18295,6379.0,0.3486745012298442
3,0.1,nn_center_grid_n2,Eos,9437,2238.0,0.23715163717283036
3,0.1,nn_cluster_grid_n3,Lym,9437,67.0,0.007099713892126735
3,0.1,nn_cluster_grid_n4,Eos,9437,2242.0,0.23757550068877822
3,0.1,nn_center_grid_n5,Lym,9437,67.0,0.007099713892126735
3,0.1,iou_grid_n3,Eos,9437,2537.0,0.26883543498993323
3,0.1,iou_grid_n4,Lym,9437,68.0,0.007205679771113701
3,0.1,iou_edgecrop_grid_n3,Eos,9437,2753.0,0.29172406485111796
4,0.1,iou_grid_n1,Lym,5790,24.0,0.004145077720207254
4,0.1,nn_center_grid_n2,Eos,5790,1033.0,0.17841105354058723
4,0.1,nn_cluster_grid_n3,Eos,5790,1034.0,0.1785837651122625
4,0.1,nn_cluster_grid_n4,Lym,5790,25.0,0.004317789291882556
4,0.1,nn_dist_grid_n5,Lym,5790,25.0,0.004317789291882556
1,0.1,iou_global,Eos,27338,13989.0,0.5117053186041407
1,0.15,nn_dist_global,Lym,30595,266.0,0.008694231083510378
1,0.15,nn_dist_grid_n4,Eos,30595,15115.0,0.4940349730348096
1,0.15,nn_cluster_grid_n4,Eos,30595,15102.0,0.4936100670044125
1,0.15,nn_cluster_grid_n5,Eos,30595,15101.0,0.49357738192515116
4,0.15,nn_cluster_grid_n4,Eos,6422,1226.0,0.19090625973217065
4,0.15,nn_center_grid_n5,Eos,6422,1224.0,0.19059483027094362
4,0.15,nn_cluster_grid_n5,Eos,6422,1226.0,0.19090625973217065
5,0.15,nn_dist_grid_n4,Eos,4397,663.0,0.1507846258812827
5,0.15,iou_grid_n4,Lym,4397,17.0,0.003866272458494428
5,0.15,nn_center_grid_n1,Lym,4397,17.0,0.003866272458494428
2,0.15,nn_dist_grid_n1,Eos,20530,7007.0,0.34130540672187043
2,0.15,iou_grid_n4,Eos,20530,8373.0,0.40784218217243057
3,0.15,iou_edgecrop_grid_n1,Lym,10543,66.0,0.006260077776723893
3,0.15,iou_edgecrop_global,Lym,10543,69.0,0.006544626766574978
1,0.15,iou_edgecrop_global,Eos,30595,16531.0,0.5403170452688347
1,0.2,iou_grid_n4,Eos,34606,19413.0,0.5609720857654742
1,0.2,iou_grid_n5,Lym,34606,405.0,0.011703172860197654
2,0.2,nn_cluster_global,Eos,23137,9030.0,0.39028396075549987
4,0.2,iou_grid_n4,Eos,7201,1689.0,0.23455075683932788
4,0.2,nn_center_grid_n4,Eos,7201,1450.0,0.2013609220941536
3,0.2,nn_cluster_grid_n1,Eos,11848,2964.0,0.25016880486158
3,0.2,nn_dist_grid_n4,Lym,11848,85.0,0.0071742066171505735
3,0.2,iou_grid_n3,Eos,11848,3673.0,0.3100101282916948
1,0.25,nn_dist_grid_n5,Lym,39308,544.0,0.013839422000610562
1,0.25,iou_grid_n5,Lym,39308,596.0,0.015162307927139514
1,0.25,nn_center_grid_n2,Lym,39308,529.0,0.013457820291034903
1,0.25,iou_grid_n1,Eos,39308,18683.0,0.475297649333469
3,0.25,iou_edgecrop_grid_n3,Eos,13405,4766.0,0.3555389779932861
3,0.25,iou_edgecrop_grid_n4,Eos,13405,4760.0,0.35509138381201044
4,0.25,iou_grid_n2,Eos,8176,2100.0,0.2568493150684932
4,0.25,nn_dist_grid_n3,Lym,8176,37.0,0.004525440313111546
4,0.25,nn_center_grid_n4,Lym,8176,37.0,0.004525440313111546
4,0.25,none,Eos,8176,1635.0,0.19997553816046967
4,0.25,nn_dist_grid_n1,Eos,8176,1635.0,0.19997553816046967
2,0.25,nn_dist_grid_n1,Lym,26287,36.0,0.001369498231064785
2,0.25,nn_center_grid_n2,Eos,26287,10924.0,0.41556662989310306
2,0.25,iou_edgecrop_global,Eos,26287,12454.0,0.4737703047133564
2,0.25,iou_edgecrop_grid_n1,Eos,26287,11335.0,0.43120173469775935
3,0.25,nn_dist_grid_n4,Lym,13405,88.0,0.006564714658709437
3,0.25,nn_center_grid_n5,Eos,13405,3975.0,0.29653114509511375
5,0.25,nn_cluster_grid_n4,Lym,5542,17.0,0.003067484662576687
5,0.25,none,Lym,5542,17.0,0.003067484662576687
5,0.25,nn_center_global,Lym,5542,17.0,0.003067484662576687
1,0.5,iou_grid_n4,Lym,88352,5373.0,0.06081356392611373
1,0.5,iou_edgecrop_grid_n2,Eos,88352,65733.0,0.7439899492937342
3,0.5,iou_grid_n2,Lym,29624,412.0,0.013907642452065893
5,0.5,iou_grid_n3,Lym,11800,86.0,0.007288135593220339
5,0.5,iou_grid_n5,Eos,11800,3700.0,0.3135593220338983
5,0.5,nn_dist_grid_n1,Lym,11800,60.0,0.005084745762711864
5,0.5,nn_center_grid_n4,Lym,11800,78.0,0.006610169491525424
5,0.5,nn_cluster_grid_n2,Lym,11800,79.0,0.006694915254237288
1,0.5,iou_edgecrop_grid_n5,Lym,88352,6727.0,0.07613862730894604
2,0.5,nn_cluster_grid_n3,Lym,58736,893.0,0.015203622991010624
2,0.5,nn_cluster_grid_n2,Lym,58736,877.0,0.014931217651865976
2,0.5,iou_grid_n3,Eos,58736,36170.0,0.6158063198038681
2,0.5,nn_center_grid_n1,Eos,58736,24852.0,0.4231135930264233
2,0.5,nn_cluster_grid_n5,Eos,58736,33665.0,0.5731578588940344
2,0.5,iou_edgecrop_grid_n5,Eos,58736,37216.0,0.6336148188504495
5,0.025,iou_global,Lym,3440,5.0,0.0014534883720930232
0,0.025,nn_cluster_grid_n3,Eos,76,0.0,0.0
0,0.025,nn_dist_grid_n5,Lym,76,0.0,0.0
0,0.025,none,Lym,76,0.0,0.0
0,0.025,iou_grid_n1,Lym,76,0.0,0.0
0,0.025,nn_center_grid_n5,Eos,76,0.0,0.0
0,0.025,iou_edgecrop_global,Eos,76,0.0,0.0
4,0.05,iou_grid_n4,Lym,5234,14.0,0.0026748184944593045
4,0.05,nn_cluster_grid_n5,Eos,5234,896.0,0.1711883836453955
5,0.075,nn_cluster_grid_n3,Lym,3810,7.0,0.001837270341207349
4,0.075,iou_edgecrop_grid_n4,Eos,5518,1236.0,0.22399420079739035
4,0.075,iou_edgecrop_grid_n2,Lym,5518,29.0,0.005255527364987314
3,0.15,nn_center_grid_n5,Eos,10543,2691.0,0.25524044389642414
3,0.15,nn_dist_grid_n2,Lym,10543,59.0,0.005596130133738025
3,0.15,nn_center_grid_n4,Eos,10543,2690.0,0.2551455942331405
3,0.15,nn_cluster_grid_n4,Eos,10543,2691.0,0.25524044389642414
2,0.15,iou_edgecrop_grid_n3,Eos,20530,8711.0,0.42430589381393086
1,0.2,iou_edgecrop_global,Eos,34606,19582.0,0.5658556319713345
1,0.25,iou_edgecrop_grid_n2,Eos,39308,23298.0,0.5927037753129134
2,0.25,iou_global,Eos,26287,12028.0,0.4575645756457565
4,0.5,nn_dist_global,Eos,17666,5923.0,0.3352768028982226
4,0.5,nn_cluster_global,Lym,17666,167.0,0.009453186912713686
4,0.5,nn_center_grid_n1,Lym,17666,125.0,0.007075738707121023
3,0.05,iou_edgecrop_grid_n4,Eos,8497,2478.0,0.29163234082617395
3,0.05,iou_edgecrop_grid_n5,Lym,8497,48.0,0.005649052606802401
0,0.075,nn_center_grid_n5,Eos,76,0.0,0.0
0,0.075,nn_center_global,Eos,76,0.0,0.0
0,0.075,nn_center_grid_n1,Lym,76,0.0,0.0
4,0.1,iou_edgecrop_grid_n1,Eos,5790,1317.0,0.22746113989637307
5,0.1,iou_edgecrop_grid_n1,Lym,3959,13.0,0.003283657489264966
5,0.2,iou_grid_n4,Eos,4928,917.0,0.18607954545454544
5,0.2,nn_dist_global,Eos,4928,792.0,0.16071428571428573
5,0.2,nn_cluster_grid_n3,Eos,4928,791.0,0.16051136363636365
5,0.2,iou_global,Eos,4928,918.0,0.18628246753246752
4,0.25,iou_edgecrop_global,Eos,8176,2265.0,0.2770303326810176
4,0.5,iou_edgecrop_global,Lym,17666,212.0,0.012000452847277255
3,0.0,nn_center_global,Lym,7730,38.0,0.004915912031047865
3,0.0,nn_cluster_global,Lym,7730,38.0,0.004915912031047865
3,0.0,nn_center_grid_n4,Lym,7730,38.0,0.004915912031047865
0,0.1,iou_grid_n3,Eos,76,0.0,0.0
0,0.1,nn_dist_grid_n1,Eos,76,0.0,0.0
0,0.1,nn_dist_grid_n2,Lym,76,0.0,0.0
5,0.1,nn_dist_grid_n5,Lym,3959,12.0,0.0030310684516291994
5,0.1,nn_center_grid_n5,Eos,3959,539.0,0.1361454912856782
5,0.1,none,Lym,3959,12.0,0.0030310684516291994
5,0.1,iou_grid_n1,Lym,3959,12.0,0.0030310684516291994
5,0.1,iou_grid_n3,Eos,3959,642.0,0.16216216216216217
5,0.1,nn_center_global,Eos,3959,538.0,0.13589290224804243
5,0.1,nn_cluster_global,Eos,3959,539.0,0.1361454912856782
4,0.0,iou_grid_n4,Lym,4768,17.0,0.0035654362416107383
4,0.0,nn_cluster_grid_n4,Lym,4768,17.0,0.0035654362416107383
4,0.0,nn_center_grid_n2,Eos,4768,784.0,0.1644295302013423
0,0.0,nn_dist_global,Lym,76,0.0,0.0
0,0.0,nn_cluster_grid_n1,Eos,76,0.0,0.0
3,0.0,iou_edgecrop_grid_n4,Eos,7730,2248.0,0.2908150064683053
2,0.025,iou_global,Eos,15638,5501.0,0.35177132625655455
0,0.05,none,Lym,76,0.0,0.0
0,0.05,iou_grid_n4,Lym,76,0.0,0.0
0,0.05,nn_dist_grid_n3,Lym,76,0.0,0.0
0,0.05,nn_center_grid_n5,Eos,76,0.0,0.0
0,0.05,iou_edgecrop_grid_n5,Lym,76,0.0,0.0
0,0.15,nn_cluster_grid_n4,Lym,76,0.0,0.0
0,0.15,iou_grid_n2,Eos,76,0.0,0.0
0,0.15,nn_cluster_global,Eos,76,0.0,0.0
0,0.5,nn_dist_grid_n5,Eos,76,0.0,0.0
0,0.5,nn_dist_grid_n3,Lym,76,0.0,0.0
0,0.5,nn_cluster_grid_n3,Lym,76,0.0,0.0
3,0.0,iou_edgecrop_grid_n1,Eos,7730,2250.0,0.2910737386804657
5,0.025,iou_edgecrop_grid_n4,Eos,3440,637.0,0.18517441860465117
0,0.0,iou_edgecrop_grid_n2,Eos,76,0.0,0.0
0,0.2,nn_center_grid_n1,Lym,76,0.0,0.0
0,0.2,nn_center_grid_n4,Eos,76,0.0,0.0
0,0.2,iou_grid_n4,Lym,76,0.0,0.0
0,0.2,iou_edgecrop_grid_n5,Lym,76,0.0,0.0
0,0.25,iou_edgecrop_grid_n3,Eos,76,0.0,0.0
0,0.25,iou_edgecrop_grid_n5,Lym,76,0.0,0.0
1,0.0,nn_center_global,Eos,22095,9642.0,0.43638832315003395
1,0.0,nn_cluster_grid_n3,Lym,22095,87.0,0.003937542430414121
2,0.0,nn_cluster_grid_n5,Lym,14887,4.0,0.00026869080405723115
2,0.0,nn_dist_grid_n2,Eos,14887,4757.0,0.31954053872506216
2,0.0,none,Lym,14887,4.0,0.00026869080405723115
2,0.0,iou_grid_n5,Eos,14887,5266.0,0.3537314435413448
5,0.0,nn_dist_grid_n1,Lym,3263,6.0,0.0018387986515476554
5,0.0,nn_dist_grid_n2,Eos,3263,399.0,0.12228011032791909
5,0.0,nn_center_grid_n2,Eos,3263,399.0,0.12228011032791909
5,0.0,iou_edgecrop_grid_n5,Lym,3263,7.0,0.0021452650934722646
1,0.0,iou_edgecrop_grid_n1,Eos,22095,11204.0,0.5070830504639059
1,0.025,nn_cluster_grid_n3,Lym,23298,98.0,0.00420636964546313
1,0.025,nn_center_grid_n5,Lym,23298,97.0,0.00416344750622371
1,0.025,nn_cluster_grid_n5,Lym,23298,98.0,0.00420636964546313
4,0.025,nn_center_grid_n3,Lym,4972,19.0,0.003821399839098954
4,0.025,nn_dist_grid_n1,Lym,4972,19.0,0.003821399839098954
4,0.025,iou_grid_n5,Eos,4972,891.0,0.17920353982300885
4,0.025,nn_cluster_global,Eos,4972,798.0,0.16049879324215607
5,0.025,nn_dist_grid_n2,Lym,3440,5.0,0.0014534883720930232
5,0.025,nn_center_global,Eos,3440,429.0,0.12470930232558139
2,0.025,nn_cluster_grid_n4,Lym,15638,9.0,0.0005755211663895639
2,0.025,nn_dist_grid_n5,Eos,15638,5021.0,0.3210768640491111
2,0.025,iou_grid_n4,Eos,15638,5504.0,0.35196316664535104
2,0.025,iou_edgecrop_grid_n3,Eos,15638,6207.0,0.39691776442000254
1,0.025,iou_edgecrop_grid_n3,Lym,23298,199.0,0.00854150570864452
3,0.025,nn_dist_global,Lym,8095,36.0,0.0044471896232242125
3,0.025,nn_center_grid_n3,Eos,8095,1758.0,0.21717109326744904
3,0.025,nn_dist_grid_n2,Eos,8095,1756.0,0.2169240271772699
1,0.05,iou_grid_n5,Eos,24520,11963.0,0.4878874388254486
2,0.05,nn_cluster_grid_n2,Lym,16505,14.0,0.0008482278097546198
2,0.05,iou_grid_n1,Lym,16505,12.0,0.0007270524083611027
2,0.05,nn_cluster_grid_n5,Eos,16505,5527.0,0.3348682217509846
3,0.05,nn_dist_grid_n4,Eos,8497,1938.0,0.22808049899964694
2,0.05,iou_edgecrop_grid_n3,Eos,16505,6654.0,0.40315056043623143
2,0.05,iou_edgecrop_global,Lym,16505,24.0,0.0014541048167222054
5,0.05,nn_center_grid_n1,Lym,3637,7.0,0.00192466318394281
5,0.05,nn_center_grid_n2,Lym,3637,7.0,0.00192466318394281
5,0.05,nn_dist_grid_n5,Eos,3637,478.0,0.13142700027495188
5,0.05,nn_center_global,Lym,3637,7.0,0.00192466318394281
1,0.05,iou_edgecrop_grid_n4,Eos,24520,12486.0,0.5092169657422512
2,0.075,nn_cluster_grid_n4,Eos,17382,5936.0,0.3415027039466114
2,0.075,iou_grid_n1,Eos,17382,6328.0,0.3640547693015763
2,0.075,iou_grid_n5,Lym,17382,16.0,0.0009204924634679554
2,0.075,nn_dist_global,Lym,17382,15.0,0.0008629616845012082
2,0.075,nn_cluster_grid_n2,Lym,17382,15.0,0.0008629616845012082
4,0.075,nn_cluster_global,Eos,5518,976.0,0.1768756795940558
4,0.075,nn_dist_grid_n5,Lym,5518,25.0,0.004530627038782167
3,0.075,nn_cluster_grid_n3,Eos,8978,2142.0,0.2385832033860548
3,0.075,nn_center_grid_n5,Eos,8978,2134.0,0.23769213633325909
1,0.075,iou_grid_n1,Eos,25901,12294.0,0.4746534882823057
1,0.075,iou_grid_n2,Lym,25901,144.0,0.005559630902281765
1,0.075,iou_grid_n5,Eos,25901,12923.0,0.4989382649318559
1,0.075,nn_center_grid_n1,Eos,25901,11410.0,0.44052353190996485
1,0.075,nn_cluster_grid_n4,Lym,25901,127.0,0.004903285587429057
3,0.075,iou_edgecrop_grid_n5,Lym,8978,55.0,0.006126085987970595
3,0.075,iou_edgecrop_grid_n2,Lym,8978,54.0,0.00601470260637113
1,0.075,iou_edgecrop_grid_n3,Lym,25901,198.0,0.0076444924906374275
1,0.1,iou_grid_n3,Lym,27338,213.0,0.007791352695881191
1,0.1,iou_grid_n4,Lym,27338,204.0,0.007462140610139732
1,0.1,none,Eos,27338,12038.0,0.4403394542395201
1,0.1,nn_dist_grid_n4,Lym,27338,186.0,0.0068037164386568144
1,0.1,nn_cluster_grid_n4,Eos,27338,12935.0,0.47315092545175214
2,0.1,nn_cluster_grid_n4,Lym,18295,18.0,0.0009838753757857339
3,0.1,nn_dist_grid_n3,Eos,9437,2242.0,0.23757550068877822
3,0.1,nn_center_grid_n3,Eos,9437,2238.0,0.23715163717283036
1,0.1,iou_edgecrop_grid_n3,Eos,27338,14161.0,0.5179969273538664
4,0.1,nn_center_grid_n4,Lym,5790,25.0,0.004317789291882556
1,0.15,none,Lym,30595,111.0,0.0036280437980062102
1,0.15,nn_cluster_grid_n3,Eos,30595,15101.0,0.49357738192515116
4,0.15,iou_grid_n5,Eos,6422,1414.0,0.22018062908751168
4,0.15,iou_edgecrop_grid_n4,Eos,6422,1546.0,0.2407349735284958
5,0.15,nn_dist_grid_n5,Lym,4397,17.0,0.003866272458494428
5,0.15,iou_grid_n2,Eos,4397,782.0,0.1778485330907437
5,0.15,iou_grid_n5,Lym,4397,17.0,0.003866272458494428
5,0.15,nn_dist_global,Eos,4397,669.0,0.15214919263133955
5,0.15,nn_dist_grid_n3,Lym,4397,17.0,0.003866272458494428
2,0.15,nn_cluster_grid_n4,Eos,20530,7558.0,0.36814417924987825
2,0.15,nn_cluster_global,Eos,20530,7558.0,0.36814417924987825
2,0.15,iou_grid_n1,Lym,20530,16.0,0.0007793472966390648
2,0.15,nn_cluster_grid_n3,Eos,20530,7558.0,0.36814417924987825
2,0.15,nn_center_grid_n2,Lym,20530,22.0,0.001071602532878714
4,0.15,iou_edgecrop_global,Eos,6422,1550.0,0.24135783245094986
4,0.15,iou_edgecrop_grid_n2,Eos,6422,1549.0,0.24120211772033634
1,0.2,nn_dist_grid_n4,Lym,34606,389.0,0.011240825290412067
1,0.2,iou_grid_n3,Eos,34606,19409.0,0.5608564988730278
1,0.2,nn_center_grid_n1,Eos,34606,15103.0,0.43642720915448185
2,0.2,nn_center_grid_n2,Lym,23137,39.0,0.0016856117906383714
2,0.2,iou_grid_n5,Eos,23137,9990.0,0.43177594329429053
2,0.2,nn_center_grid_n5,Lym,23137,38.0,0.0016423909754937978
4,0.2,nn_dist_grid_n2,Eos,7201,1452.0,0.20163866129704208
4,0.2,nn_center_grid_n2,Lym,7201,36.0,0.004999305651992779
4,0.2,nn_cluster_grid_n5,Lym,7201,36.0,0.004999305651992779
4,0.2,iou_grid_n5,Lym,7201,38.0,0.005277044854881266
4,0.2,nn_dist_grid_n4,Lym,7201,36.0,0.004999305651992779
3,0.2,nn_dist_grid_n3,Eos,11848,3219.0,0.27169142471303176
3,0.2,nn_cluster_grid_n5,Eos,11848,3217.0,0.2715226198514517
4,0.2,iou_edgecrop_grid_n2,Lym,7201,42.0,0.005832523260658242
1,0.25,nn_cluster_grid_n1,Lym,39308,128.0,0.003256334588378956
1,0.25,iou_grid_n3,Eos,39308,23113.0,0.5879973542281469
1,0.25,nn_cluster_grid_n4,Lym,39308,529.0,0.013457820291034903
1,0.25,nn_dist_global,Lym,39308,530.0,0.013483260405006614
4,0.25,iou_grid_n3,Lym,8176,39.0,0.0047700587084148725
2,0.25,nn_dist_grid_n5,Lym,26287,65.0,0.002472705139422528
2,0.25,iou_grid_n2,Eos,26287,12049.0,0.4583634496138776
2,0.25,nn_cluster_global,Lym,26287,70.0,0.0026629132270704152
3,0.25,nn_center_grid_n3,Eos,13405,3972.0,0.29630734800447595
3,0.25,nn_center_grid_n1,Lym,13405,77.0,0.005744125326370757
3,0.25,nn_cluster_global,Lym,13405,86.0,0.006415516598284222
3,0.25,iou_grid_n1,Eos,13405,3939.0,0.2938455800074599
5,0.25,nn_center_grid_n3,Lym,5542,17.0,0.003067484662576687
5,0.25,nn_dist_grid_n5,Eos,5542,991.0,0.17881631180079394
1,0.5,nn_dist_global,Lym,88352,5325.0,0.060270282506338285
1,0.5,nn_cluster_global,Eos,88352,61948.0,0.7011499456718581
1,0.5,nn_center_grid_n3,Lym,88352,5301.0,0.059998641796450564
1,0.5,nn_cluster_grid_n1,Lym,88352,358.0,0.004051973922491851
1,0.5,iou_edgecrop_grid_n1,Eos,88352,45022.0,0.5095753350235422
3,0.5,nn_center_grid_n4,Eos,29624,12885.0,0.4349513907642452
3,0.5,nn_cluster_grid_n4,Eos,29624,12896.0,0.4353227113151499
3,0.5,nn_cluster_grid_n5,Eos,29624,12899.0,0.4354239805563057
5,0.5,nn_cluster_global,Eos,11800,3145.0,0.26652542372881355
2,0.5,none,Lym,58736,175.0,0.0029794333968945793
2,0.5,nn_dist_grid_n4,Lym,58736,819.0,0.01394374829746663
2,0.5,iou_grid_n1,Lym,58736,187.0,0.0031837374012530645
2,0.5,nn_dist_grid_n2,Eos,58736,33639.0,0.5727152002179243
4,0.05,nn_center_global,Eos,5234,897.0,0.17137944210928543
4,0.05,iou_grid_n1,Eos,5234,1009.0,0.19277799006495988
4,0.05,nn_dist_grid_n2,Eos,5234,895.0,0.17099732518150554
4,0.05,nn_center_grid_n4,Eos,5234,897.0,0.17137944210928543
5,0.05,iou_edgecrop_grid_n4,Lym,3637,9.0,0.002474566950783613
5,0.05,iou_edgecrop_grid_n5,Lym,3637,9.0,0.002474566950783613
5,0.075,nn_dist_grid_n3,Eos,3810,533.0,0.13989501312335959
5,0.075,iou_grid_n5,Eos,3810,609.0,0.15984251968503937
5,0.075,nn_cluster_global,Eos,3810,533.0,0.13989501312335959
5,0.075,nn_dist_grid_n1,Eos,3810,518.0,0.13595800524934384
5,0.075,iou_grid_n1,Lym,3810,9.0,0.002362204724409449
4,0.075,iou_edgecrop_grid_n1,Eos,5518,1234.0,0.22363175063428778
3,0.15,nn_cluster_grid_n3,Eos,10543,2691.0,0.25524044389642414
3,0.15,nn_dist_grid_n4,Lym,10543,59.0,0.005596130133738025
3,0.15,nn_cluster_grid_n1,Eos,10543,2518.0,0.23883145214834486
1,0.25,iou_edgecrop_grid_n1,Eos,39308,20010.0,0.5090566805739289
4,0.5,nn_center_grid_n2,Eos,17666,5915.0,0.33482395562096684
4,0.0,iou_edgecrop_global,Eos,4768,1070.0,0.22441275167785235
3,0.05,iou_global,Eos,8497,2190.0,0.25773802518535954
4,0.05,iou_edgecrop_grid_n5,Eos,5234,1212.0,0.2315628582346198
0,0.075,iou_grid_n3,Eos,76,0.0,0.0
0,0.075,nn_dist_grid_n3,Eos,76,0.0,0.0
0,0.075,iou_edgecrop_grid_n4,Eos,76,0.0,0.0
4,0.1,iou_edgecrop_grid_n4,Eos,5790,1324.0,0.22867012089810018
5,0.1,iou_edgecrop_grid_n4,Lym,3959,13.0,0.003283657489264966
5,0.1,iou_edgecrop_grid_n2,Eos,3959,732.0,0.18489517554938115
3,0.15,iou_global,Eos,10543,3063.0,0.29052451863795886
5,0.2,nn_center_grid_n5,Lym,4928,19.0,0.0038555194805194805
5,0.2,nn_cluster_global,Lym,4928,19.0,0.0038555194805194805
5,0.2,nn_dist_grid_n1,Lym,4928,16.0,0.003246753246753247
5,0.2,nn_center_grid_n1,Lym,4928,16.0,0.003246753246753247
5,0.2,iou_grid_n2,Eos,4928,918.0,0.18628246753246752
3,0.0,nn_dist_grid_n5,Lym,7730,38.0,0.004915912031047865
3,0.0,nn_center_grid_n5,Lym,7730,38.0,0.004915912031047865
3,0.0,none,Lym,7730,38.0,0.004915912031047865
3,0.0,nn_cluster_grid_n2,Lym,7730,38.0,0.004915912031047865
2,0.05,iou_global,Lym,16505,14.0,0.0008482278097546198
5,0.1,iou_global,Lym,3959,12.0,0.0030310684516291994
0,0.1,nn_center_grid_n3,Eos,76,0.0,0.0
0,0.1,nn_dist_grid_n5,Lym,76,0.0,0.0
0,0.1,iou_edgecrop_grid_n1,Lym,76,0.0,0.0
0,0.1,iou_edgecrop_grid_n2,Lym,76,0.0,0.0
0,0.1,iou_edgecrop_grid_n3,Lym,76,0.0,0.0
5,0.1,nn_cluster_grid_n4,Lym,3959,12.0,0.0030310684516291994
5,0.1,iou_grid_n2,Eos,3959,647.0,0.163425107350341
5,0.1,nn_dist_grid_n2,Eos,3959,538.0,0.13589290224804243
5,0.1,nn_center_grid_n2,Lym,3959,12.0,0.0030310684516291994
5,0.1,nn_cluster_grid_n2,Eos,3959,538.0,0.13589290224804243
4,0.0,nn_dist_grid_n3,Eos,4768,783.0,0.16421979865771813
0,0.0,none,Eos,76,0.0,0.0
0,0.0,iou_grid_n5,Lym,76,0.0,0.0
0,0.0,nn_center_global,Eos,76,0.0,0.0
0,0.0,nn_cluster_grid_n4,Eos,76,0.0,0.0
3,0.0,iou_edgecrop_grid_n3,Eos,7730,2248.0,0.2908150064683053
0,0.05,iou_grid_n1,Lym,76,0.0,0.0
0,0.05,iou_grid_n2,Lym,76,0.0,0.0
0,0.05,nn_cluster_grid_n2,Lym,76,0.0,0.0
0,0.05,iou_global,Eos,76,0.0,0.0
5,0.15,iou_edgecrop_grid_n4,Lym,4397,20.0,0.004548555833522857
3,0.2,iou_global,Eos,11848,3665.0,0.30933490884537473
2,0.1,iou_global,Lym,18295,19.0,0.0010385351188849413
0,0.15,iou_grid_n1,Lym,76,0.0,0.0
0,0.15,iou_grid_n5,Lym,76,0.0,0.0
0,0.15,nn_dist_global,Lym,76,0.0,0.0
0,0.15,nn_center_global,Lym,76,0.0,0.0
0,0.15,nn_dist_grid_n1,Eos,76,0.0,0.0
0,0.15,iou_edgecrop_grid_n5,Lym,76,0.0,0.0
0,0.15,iou_global,Eos,76,0.0,0.0
5,0.25,iou_edgecrop_grid_n1,Eos,5542,1179.0,0.21273908336340672
0,0.5,nn_center_grid_n2,Lym,76,0.0,0.0
0,0.5,nn_cluster_global,Eos,76,0.0,0.0
0,0.5,iou_grid_n1,Eos,76,0.0,0.0
0,0.5,iou_grid_n2,Lym,76,0.0,0.0
0,0.5,nn_center_global,Lym,76,0.0,0.0
0,0.5,iou_edgecrop_grid_n5,Lym,76,0.0,0.0
0,0.5,iou_global,Lym,76,0.0,0.0
5,0.025,iou_edgecrop_grid_n3,Eos,3440,636.0,0.18488372093023256
0,0.0,iou_edgecrop_global,Eos,76,0.0,0.0
0,0.2,nn_cluster_grid_n3,Eos,76,0.0,0.0
0,0.2,nn_center_global,Lym,76,0.0,0.0
0,0.25,nn_dist_grid_n1,Eos,76,0.0,0.0
0,0.25,nn_center_grid_n1,Eos,76,0.0,0.0
0,0.25,none,Eos,76,0.0,0.0
0,0.25,iou_grid_n2,Lym,76,0.0,0.0
0,0.25,iou_grid_n3,Eos,76,0.0,0.0
0,0.25,nn_cluster_global,Eos,76,0.0,0.0
0,0.25,nn_cluster_grid_n2,Eos,76,0.0,0.0
0,0.25,nn_center_grid_n4,Lym,76,0.0,0.0
0,0.25,nn_center_grid_n5,Lym,76,0.0,0.0
0,0.25,iou_edgecrop_global,Lym,76,0.0,0.0
3,0.075,iou_global,Eos,8978,2409.0,0.2683225662731121
1,0.0,iou_grid_n1,Eos,22095,10405.0,0.47092102285584975
2,0.0,nn_center_global,Eos,14887,4758.0,0.31960771142607647
2,0.0,nn_dist_grid_n4,Lym,14887,4.0,0.00026869080405723115
2,0.0,nn_cluster_grid_n3,Eos,14887,4757.0,0.31954053872506216
5,0.0,iou_grid_n5,Eos,3263,465.0,0.1425068954949433
5,0.0,nn_cluster_global,Lym,3263,6.0,0.0018387986515476554
5,0.0,nn_dist_grid_n3,Lym,3263,6.0,0.0018387986515476554
5,0.0,nn_cluster_grid_n5,Lym,3263,6.0,0.0018387986515476554
1,0.025,nn_dist_grid_n1,Eos,23298,10251.0,0.43999484934329125
1,0.025,nn_cluster_grid_n1,Eos,23298,10251.0,0.43999484934329125
1,0.025,nn_dist_grid_n2,Eos,23298,10363.0,0.4448021289381063
1,0.025,nn_cluster_grid_n2,Eos,23298,10369.0,0.4450596617735428
1,0.025,nn_cluster_global,Lym,23298,98.0,0.00420636964546313
1,0.025,none,Lym,23298,85.0,0.003648381835350674
1,0.025,nn_cluster_grid_n4,Eos,23298,10371.0,0.44514550605202163
4,0.025,nn_cluster_grid_n3,Eos,4972,798.0,0.16049879324215607
4,0.025,nn_center_grid_n2,Lym,4972,19.0,0.003821399839098954
5,0.025,nn_cluster_grid_n2,Eos,3440,430.0,0.125
5,0.025,iou_grid_n1,Eos,3440,492.0,0.14302325581395348
2,0.025,iou_edgecrop_grid_n1,Lym,15638,27.0,0.0017265634991686916
1,0.025,iou_edgecrop_grid_n5,Lym,23298,199.0,0.00854150570864452
3,0.025,nn_dist_grid_n4,Lym,8095,36.0,0.0044471896232242125
3,0.025,nn_center_grid_n4,Lym,8095,36.0,0.0044471896232242125
3,0.025,nn_dist_grid_n5,Eos,8095,1756.0,0.2169240271772699
3,0.025,iou_grid_n1,Eos,8095,1960.0,0.24212476837554045
1,0.05,nn_dist_grid_n4,Eos,24520,11090.0,0.45228384991843396
1,0.05,nn_center_grid_n3,Lym,24520,127.0,0.005179445350734095
1,0.05,nn_cluster_grid_n5,Eos,24520,11090.0,0.45228384991843396
1,0.05,nn_dist_global,Eos,24520,11092.0,0.4523654159869494
1,0.05,nn_cluster_global,Eos,24520,11090.0,0.45228384991843396
1,0.05,nn_cluster_grid_n1,Lym,24520,98.0,0.00399673735725938
1,0.05,nn_dist_grid_n2,Lym,24520,129.0,0.005261011419249592
2,0.05,nn_center_grid_n1,Lym,16505,12.0,0.0007270524083611027
2,0.05,nn_center_grid_n3,Lym,16505,14.0,0.0008482278097546198
2,0.05,nn_cluster_grid_n4,Eos,16505,5527.0,0.3348682217509846
2,0.05,none,Lym,16505,12.0,0.0007270524083611027
2,0.05,nn_dist_grid_n3,Lym,16505,14.0,0.0008482278097546198
3,0.05,nn_cluster_grid_n5,Eos,8497,1936.0,0.22784512180769684
3,0.05,nn_cluster_grid_n3,Lym,8497,41.0,0.0048252324349770505
3,0.05,none,Eos,8497,1898.0,0.22337295516064493
3,0.05,iou_grid_n1,Eos,8497,2121.0,0.24961751206308108
3,0.05,iou_grid_n3,Lym,8497,41.0,0.0048252324349770505
3,0.05,nn_dist_grid_n1,Lym,8497,41.0,0.0048252324349770505
3,0.05,nn_center_grid_n1,Lym,8497,41.0,0.0048252324349770505
2,0.05,iou_edgecrop_grid_n5,Eos,16505,6651.0,0.40296879733414115
2,0.05,iou_edgecrop_grid_n1,Eos,16505,6652.0,0.40302938503483793
5,0.05,nn_cluster_grid_n3,Eos,3637,479.0,0.1317019521583723
5,0.05,iou_grid_n5,Lym,3637,7.0,0.00192466318394281
2,0.075,nn_dist_grid_n5,Lym,17382,15.0,0.0008629616845012082
2,0.075,iou_grid_n2,Eos,17382,6586.0,0.37889771027499713
2,0.075,iou_grid_n3,Eos,17382,6584.0,0.37878264871706363
2,0.075,nn_dist_grid_n2,Lym,17382,15.0,0.0008629616845012082
4,0.075,nn_center_grid_n1,Lym,5518,25.0,0.004530627038782167
4,0.075,nn_center_grid_n2,Eos,5518,978.0,0.17723812975715839
4,0.075,iou_grid_n1,Eos,5518,1074.0,0.1946357375860819
4,0.075,nn_center_grid_n5,Eos,5518,978.0,0.17723812975715839
4,0.075,iou_grid_n3,Lym,5518,27.0,0.004893077201884741
4,0.075,iou_grid_n4,Eos,5518,1123.0,0.20351576658209497
3,0.075,iou_grid_n5,Eos,8978,2410.0,0.2684339496547115
3,0.075,nn_dist_global,Lym,8978,45.0,0.005012252171975941
1,0.075,nn_center_grid_n2,Eos,25901,11956.0,0.46160379908111654
1,0.075,nn_dist_grid_n3,Eos,25901,11956.0,0.46160379908111654
1,0.075,nn_dist_grid_n4,Lym,25901,128.0,0.004941894135361569
3,0.075,iou_edgecrop_global,Lym,8978,54.0,0.00601470260637113
3,0.075,iou_edgecrop_grid_n3,Lym,8978,54.0,0.00601470260637113
1,0.075,iou_global,Lym,25901,142.0,0.005482413806416741
1,0.1,nn_center_grid_n1,Lym,27338,121.0,0.004426073597190724
1,0.1,nn_cluster_grid_n3,Lym,27338,187.0,0.006840295559294754
1,0.1,nn_center_grid_n4,Lym,27338,182.0,0.006657399956105055
1,0.1,nn_dist_grid_n5,Eos,27338,12927.0,0.4728582924866486
2,0.1,nn_cluster_grid_n1,Eos,18295,6117.0,0.3343536485378519
2,0.1,iou_grid_n1,Eos,18295,6707.0,0.36660289696638426
2,0.1,iou_grid_n4,Lym,18295,18.0,0.0009838753757857339
2,0.1,nn_cluster_global,Lym,18295,18.0,0.0009838753757857339
3,0.1,iou_grid_n5,Lym,9437,68.0,0.007205679771113701
1,0.1,iou_edgecrop_grid_n4,Eos,27338,14162.0,0.5180335064745043
4,0.1,iou_grid_n3,Eos,5790,1188.0,0.20518134715025907
4,0.1,iou_grid_n5,Lym,5790,25.0,0.004317789291882556
4,0.1,nn_center_global,Lym,5790,25.0,0.004317789291882556
4,0.1,nn_cluster_global,Lym,5790,25.0,0.004317789291882556
4,0.1,nn_center_grid_n1,Eos,5790,1000.0,0.17271157167530224
1,0.15,nn_center_global,Eos,30595,15109.0,0.4938388625592417
4,0.15,nn_center_grid_n4,Eos,6422,1224.0,0.19059483027094362
4,0.15,nn_dist_grid_n2,Eos,6422,1224.0,0.19059483027094362
4,0.15,nn_center_grid_n2,Eos,6422,1224.0,0.19059483027094362
4,0.15,nn_dist_grid_n1,Lym,6422,32.0,0.004982871379632514
5,0.15,nn_cluster_grid_n3,Lym,4397,17.0,0.003866272458494428
5,0.15,nn_center_grid_n4,Eos,4397,663.0,0.1507846258812827
5,0.15,iou_grid_n3,Lym,4397,17.0,0.003866272458494428
3,0.15,iou_edgecrop_grid_n5,Lym,10543,69.0,0.006544626766574978
1,0.15,iou_edgecrop_grid_n3,Lym,30595,394.0,0.01287792122895898
4,0.15,iou_edgecrop_grid_n1,Eos,6422,1509.0,0.2349735284957957
1,0.2,nn_cluster_grid_n2,Lym,34606,398.0,0.01150089579841646
1,0.2,nn_dist_grid_n2,Lym,34606,372.0,0.010749580997514881
2,0.2,nn_dist_grid_n2,Lym,23137,39.0,0.0016856117906383714
2,0.2,nn_dist_grid_n3,Lym,23137,38.0,0.0016423909754937978
2,0.2,nn_center_grid_n4,Eos,23137,9040.0,0.3907161689069456
2,0.2,iou_edgecrop_grid_n3,Eos,23137,10371.0,0.44824307386437306
2,0.2,iou_edgecrop_global,Eos,23137,10378.0,0.4485456195703851
3,0.2,iou_edgecrop_grid_n2,Eos,11848,3920.0,0.33085752869682644
3,0.2,iou_edgecrop_grid_n4,Lym,11848,95.0,0.008018230925050641
4,0.2,nn_dist_grid_n3,Lym,7201,36.0,0.004999305651992779
4,0.2,nn_cluster_grid_n3,Eos,7201,1445.0,0.20066657408693236
4,0.2,nn_dist_grid_n5,Lym,7201,36.0,0.004999305651992779
4,0.2,nn_center_grid_n5,Lym,7201,36.0,0.004999305651992779
4,0.2,iou_grid_n2,Eos,7201,1691.0,0.23482849604221637
4,0.2,nn_dist_grid_n1,Eos,7201,1349.0,0.18733509234828497
3,0.2,nn_center_global,Lym,11848,86.0,0.00725860904794058
3,0.2,nn_dist_grid_n5,Lym,11848,85.0,0.0071742066171505735
3,0.2,none,Eos,11848,2964.0,0.25016880486158
4,0.2,iou_edgecrop_global,Eos,7201,1872.0,0.2599638939036245
4,0.2,iou_edgecrop_grid_n1,Eos,7201,1765.0,0.2451048465490904
1,0.25,nn_center_grid_n1,Lym,39308,128.0,0.003256334588378956
1,0.25,nn_center_grid_n5,Eos,39308,21464.0,0.5460466062887962
1,0.25,nn_center_grid_n3,Eos,39308,21450.0,0.5456904446931923
3,0.25,iou_edgecrop_grid_n1,Lym,13405,97.0,0.007236105930622902
4,0.25,nn_dist_grid_n5,Lym,8176,37.0,0.004525440313111546
2,0.25,nn_dist_grid_n4,Eos,26287,10911.0,0.41507208886521857
3,0.25,nn_cluster_grid_n2,Eos,13405,3976.0,0.29660574412532636
3,0.25,nn_dist_grid_n1,Eos,13405,3553.0,0.26505035434539354
3,0.25,nn_center_global,Eos,13405,3977.0,0.296680343155539
3,0.25,iou_grid_n4,Lym,13405,87.0,0.0064901156284968295
5,0.25,nn_cluster_grid_n5,Lym,5542,17.0,0.003067484662576687
5,0.25,iou_grid_n2,Eos,5542,1153.0,0.20804763623240707
5,0.25,nn_dist_grid_n3,Eos,5542,991.0,0.17881631180079394
1,0.5,iou_grid_n5,Lym,88352,5427.0,0.0614247555233611
1,0.5,iou_global,Eos,88352,65064.0,0.7364179645056139
3,0.5,nn_center_grid_n1,Lym,29624,258.0,0.008709154739400485
3,0.5,nn_center_grid_n2,Lym,29624,392.0,0.013232514177693762
3,0.5,nn_cluster_grid_n2,Eos,29624,12888.0,0.43505266000540105
5,0.5,nn_center_grid_n5,Lym,11800,79.0,0.006694915254237288
5,0.5,nn_dist_grid_n3,Eos,11800,3126.0,0.2649152542372881
5,0.5,nn_center_grid_n3,Lym,11800,78.0,0.006610169491525424
5,0.5,nn_cluster_grid_n5,Eos,11800,3145.0,0.26652542372881355
5,0.5,nn_center_grid_n1,Eos,11800,2522.0,0.21372881355932202
5,0.5,nn_dist_grid_n4,Lym,11800,78.0,0.006610169491525424
2,0.5,nn_center_global,Lym,58736,819.0,0.01394374829746663
2,0.5,nn_dist_grid_n5,Eos,58736,33588.0,0.5718469081994008
2,0.5,nn_center_grid_n3,Lym,58736,846.0,0.014403432307273223
2,0.5,iou_edgecrop_grid_n1,Lym,58736,308.0,0.00524380277853446
4,0.5,iou_edgecrop_grid_n3,Eos,17666,7353.0,0.4162232537076871
3,0.5,iou_edgecrop_grid_n4,Lym,29624,502.0,0.016945719686740482
3,0.5,iou_edgecrop_grid_n5,Lym,29624,496.0,0.01674318120442884
5,0.5,iou_edgecrop_grid_n5,Lym,11800,110.0,0.009322033898305085
5,0.5,iou_edgecrop_grid_n4,Lym,11800,108.0,0.009152542372881356
3,0.025,iou_edgecrop_grid_n2,Eos,8095,2330.0,0.2878319950586782
0,0.025,nn_cluster_grid_n1,Lym,76,0.0,0.0
0,0.025,nn_dist_grid_n2,Eos,76,0.0,0.0
0,0.025,nn_center_grid_n3,Lym,76,0.0,0.0
0,0.025,nn_center_grid_n4,Lym,76,0.0,0.0
0,0.025,iou_grid_n2,Eos,76,0.0,0.0
0,0.025,iou_grid_n4,Eos,76,0.0,0.0
4,0.05,nn_center_grid_n2,Eos,5234,896.0,0.1711883836453955
4,0.05,nn_cluster_grid_n2,Lym,5234,13.0,0.002483760030569354
4,0.05,nn_dist_grid_n3,Lym,5234,13.0,0.002483760030569354
4,0.05,nn_dist_grid_n5,Lym,5234,13.0,0.002483760030569354
4,0.05,nn_center_grid_n5,Eos,5234,896.0,0.1711883836453955
5,0.075,nn_center_global,Lym,3810,7.0,0.001837270341207349
5,0.075,none,Lym,3810,7.0,0.001837270341207349
2,0.1,iou_edgecrop_global,Eos,18295,7405.0,0.40475539764963103
3,0.15,iou_grid_n3,Lym,10543,65.0,0.006165228113440197
3,0.15,iou_grid_n4,Lym,10543,65.0,0.006165228113440197
3,0.15,nn_dist_global,Eos,10543,2686.0,0.2547661955800057
3,0.15,nn_center_global,Lym,10543,59.0,0.005596130133738025
2,0.15,iou_edgecrop_global,Eos,20530,8714.0,0.42445202143205063
1,0.2,iou_edgecrop_grid_n5,Eos,34606,19562.0,0.5652776975091025
1,0.2,iou_edgecrop_grid_n4,Eos,34606,19571.0,0.5655377680171069
4,0.5,nn_cluster_grid_n5,Eos,17666,5946.0,0.33657873882033285
4,0.5,nn_center_grid_n5,Eos,17666,5923.0,0.3352768028982226
4,0.5,none,Lym,17666,125.0,0.007075738707121023
4,0.5,iou_grid_n1,Eos,17666,5206.0,0.2946903656741764
4,0.5,iou_grid_n3,Eos,17666,6834.0,0.3868447865957206
4,0.5,iou_grid_n4,Eos,17666,6792.0,0.3844673383901279
4,0.5,iou_grid_n5,Lym,17666,171.0,0.009679610551341561
4,0.0,iou_edgecrop_grid_n4,Eos,4768,1066.0,0.2235738255033557
3,0.05,iou_edgecrop_grid_n3,Lym,8497,48.0,0.005649052606802401
4,0.05,iou_edgecrop_global,Eos,5234,1211.0,0.23137179977072983
5,0.075,iou_edgecrop_grid_n5,Eos,3810,693.0,0.18188976377952756
0,0.075,nn_center_grid_n3,Lym,76,0.0,0.0
0,0.075,nn_center_grid_n4,Eos,76,0.0,0.0
0,0.075,nn_center_grid_n2,Eos,76,0.0,0.0
0,0.075,iou_global,Eos,76,0.0,0.0
4,0.1,iou_edgecrop_grid_n3,Eos,5790,1324.0,0.22867012089810018
5,0.1,iou_edgecrop_global,Eos,3959,735.0,0.18565294266228846
2,0.15,iou_global,Eos,20530,8382.0,0.40828056502679005
5,0.2,nn_cluster_grid_n1,Lym,4928,16.0,0.003246753246753247
5,0.2,nn_center_grid_n3,Lym,4928,19.0,0.0038555194805194805
5,0.2,iou_grid_n1,Eos,4928,825.0,0.16741071428571427
3,0.0,iou_grid_n4,Lym,7730,38.0,0.004915912031047865
3,0.0,nn_cluster_grid_n4,Eos,7730,1686.0,0.21811125485122898
3,0.0,iou_grid_n1,Lym,7730,38.0,0.004915912031047865
3,0.0,iou_grid_n2,Lym,7730,38.0,0.004915912031047865
0,0.1,nn_dist_grid_n3,Lym,76,0.0,0.0
0,0.1,nn_cluster_grid_n4,Eos,76,0.0,0.0
0,0.1,nn_cluster_grid_n5,Lym,76,0.0,0.0
0,0.1,iou_edgecrop_grid_n5,Eos,76,0.0,0.0
0,0.1,iou_global,Eos,76,0.0,0.0
0,0.0,iou_grid_n1,Eos,76,0.0,0.0
0,0.0,iou_grid_n4,Lym,76,0.0,0.0
0,0.0,nn_center_grid_n4,Lym,76,0.0,0.0
0,0.0,nn_dist_grid_n5,Lym,76,0.0,0.0
3,0.0,iou_edgecrop_grid_n2,Eos,7730,2246.0,0.2905562742561449
0,0.05,nn_dist_global,Lym,76,0.0,0.0
0,0.05,nn_center_grid_n1,Eos,76,0.0,0.0
0,0.05,nn_cluster_grid_n4,Eos,76,0.0,0.0
5,0.15,iou_edgecrop_grid_n3,Lym,4397,20.0,0.004548555833522857
0,0.15,nn_cluster_grid_n5,Lym,76,0.0,0.0
0,0.15,nn_center_grid_n2,Eos,76,0.0,0.0
0,0.15,nn_cluster_grid_n2,Lym,76,0.0,0.0
0,0.15,iou_edgecrop_grid_n2,Lym,76,0.0,0.0
0,0.15,iou_edgecrop_grid_n4,Lym,76,0.0,0.0
5,0.25,iou_edgecrop_grid_n3,Eos,5542,1269.0,0.22897870804763623
0,0.5,iou_grid_n4,Eos,76,0.0,0.0
0,0.5,nn_center_grid_n1,Eos,76,0.0,0.0
0,0.5,iou_edgecrop_grid_n3,Lym,76,0.0,0.0
5,0.025,iou_edgecrop_grid_n1,Eos,3440,638.0,0.18546511627906978
0,0.0,iou_global,Lym,76,0.0,0.0
0,0.2,iou_grid_n2,Eos,76,0.0,0.0
0,0.25,nn_dist_global,Eos,76,0.0,0.0
0,0.25,nn_center_grid_n3,Lym,76,0.0,0.0
0,0.25,nn_cluster_grid_n5,Eos,76,0.0,0.0
0,0.25,iou_edgecrop_grid_n4,Eos,76,0.0,0.0
1,0.0,nn_dist_grid_n2,Eos,22095,9647.0,0.4366146186920118
1,0.0,nn_center_grid_n3,Lym,22095,86.0,0.003892283322018556
1,0.0,nn_dist_grid_n4,Eos,22095,9647.0,0.4366146186920118
1,0.0,nn_center_grid_n5,Lym,22095,86.0,0.003892283322018556
2,0.0,nn_dist_global,Lym,14887,4.0,0.00026869080405723115
2,0.0,iou_grid_n4,Eos,14887,5260.0,0.35332840733525894
2,0.0,nn_cluster_grid_n1,Lym,14887,4.0,0.00026869080405723115
2,0.0,iou_edgecrop_grid_n4,Lym,14887,15.0,0.0010075905152146167
2,0.0,iou_edgecrop_grid_n3,Eos,14887,5957.0,0.4001477799422315
5,0.0,iou_grid_n2,Eos,3263,462.0,0.14158749616916946
5,0.0,nn_dist_global,Lym,3263,6.0,0.0018387986515476554
5,0.0,nn_center_grid_n4,Lym,3263,6.0,0.0018387986515476554
5,0.0,iou_edgecrop_global,Lym,3263,7.0,0.0021452650934722646
1,0.025,nn_center_global,Lym,23298,97.0,0.00416344750622371
1,0.025,iou_grid_n4,Lym,23298,103.0,0.0044209803416602285
1,0.025,iou_grid_n5,Eos,23298,11094.0,0.4761782127221221
4,0.025,nn_dist_grid_n2,Lym,4972,19.0,0.003821399839098954
4,0.025,iou_grid_n3,Eos,4972,891.0,0.17920353982300885
5,0.025,nn_center_grid_n4,Lym,3440,5.0,0.0014534883720930232
5,0.025,nn_cluster_grid_n5,Eos,3440,430.0,0.125
5,0.025,nn_cluster_global,Lym,3440,5.0,0.0014534883720930232
5,0.025,nn_dist_grid_n1,Eos,3440,429.0,0.12470930232558139
5,0.025,nn_center_grid_n1,Eos,3440,429.0,0.12470930232558139
5,0.025,nn_center_grid_n3,Lym,3440,5.0,0.0014534883720930232
5,0.025,none,Lym,3440,5.0,0.0014534883720930232
5,0.025,iou_grid_n2,Lym,3440,5.0,0.0014534883720930232
5,0.025,iou_grid_n5,Eos,3440,491.0,0.1427325581395349
2,0.025,nn_cluster_global,Eos,15638,5025.0,0.32133265123417315
2,0.025,iou_edgecrop_global,Eos,15638,6211.0,0.39717355160506457
1,0.025,iou_edgecrop_grid_n1,Eos,23298,11899.0,0.510730534809855
3,0.025,iou_grid_n3,Eos,8095,1957.0,0.24175416924027177
3,0.025,iou_grid_n4,Lym,8095,37.0,0.004570722668313774
3,0.025,nn_cluster_grid_n1,Eos,8095,1749.0,0.216059295861643
3,0.025,nn_dist_grid_n3,Lym,8095,36.0,0.0044471896232242125
4,0.025,iou_edgecrop_grid_n1,Lym,4972,27.0,0.005430410297666935
1,0.05,nn_cluster_grid_n2,Lym,24520,131.0,0.00534257748776509
2,0.05,nn_cluster_grid_n1,Eos,16505,5411.0,0.32784004847016057
2,0.05,iou_grid_n5,Lym,16505,14.0,0.0008482278097546198
3,0.05,nn_center_grid_n2,Eos,8497,1939.0,0.228198187595622
3,0.05,nn_center_grid_n5,Lym,8497,41.0,0.0048252324349770505
3,0.05,nn_cluster_grid_n2,Lym,8497,41.0,0.0048252324349770505
3,0.05,iou_grid_n5,Eos,8497,2194.0,0.25820877956925975
3,0.05,nn_cluster_global,Eos,8497,1937.0,0.2279628104036719
5,0.05,nn_cluster_grid_n1,Eos,3637,471.0,0.12950233709100908
5,0.05,nn_dist_grid_n2,Lym,3637,7.0,0.00192466318394281
5,0.05,nn_dist_grid_n4,Eos,3637,478.0,0.13142700027495188
5,0.05,none,Eos,3637,471.0,0.12950233709100908
5,0.05,iou_grid_n3,Eos,3637,547.0,0.1503986802309596
5,0.05,nn_cluster_global,Lym,3637,7.0,0.00192466318394281
1,0.05,iou_edgecrop_grid_n3,Lym,24520,220.0,0.00897226753670473
2,0.075,nn_cluster_grid_n3,Lym,17382,15.0,0.0008629616845012082
4,0.075,nn_cluster_grid_n2,Lym,5518,25.0,0.004530627038782167
4,0.075,nn_dist_grid_n3,Lym,5518,25.0,0.004530627038782167
3,0.075,nn_dist_grid_n4,Lym,8978,45.0,0.005012252171975941
3,0.075,nn_dist_grid_n5,Lym,8978,45.0,0.005012252171975941
3,0.075,iou_grid_n2,Lym,8978,47.0,0.005235018935174872
1,0.075,nn_center_grid_n5,Eos,25901,11956.0,0.46160379908111654
1,0.075,nn_center_grid_n3,Lym,25901,124.0,0.00478745994363152
1,0.075,nn_cluster_grid_n3,Lym,25901,127.0,0.004903285587429057
1,0.075,nn_center_grid_n4,Eos,25901,11957.0,0.46164240762904907
3,0.075,iou_edgecrop_grid_n4,Eos,8978,2602.0,0.2898195589218089
1,0.1,nn_center_grid_n5,Lym,27338,183.0,0.006693979076742995
1,0.1,iou_grid_n1,Eos,27338,12999.0,0.4754919891725803
1,0.1,nn_cluster_grid_n2,Eos,27338,12933.0,0.4730777672104763
2,0.1,nn_center_grid_n2,Lym,18295,18.0,0.0009838753757857339
3,0.1,nn_center_grid_n2,Lym,9437,67.0,0.007099713892126735
3,0.1,nn_cluster_grid_n3,Eos,9437,2242.0,0.23757550068877822
3,0.1,nn_cluster_grid_n4,Lym,9437,67.0,0.007099713892126735
3,0.1,nn_center_grid_n5,Eos,9437,2239.0,0.2372576030518173
3,0.1,iou_grid_n3,Lym,9437,68.0,0.007205679771113701
3,0.1,iou_grid_n4,Eos,9437,2543.0,0.26947123026385505
3,0.1,iou_edgecrop_grid_n3,Lym,9437,72.0,0.007629543287061566
4,0.1,iou_grid_n1,Eos,5790,1125.0,0.19430051813471502
4,0.1,nn_center_grid_n2,Lym,5790,25.0,0.004317789291882556
4,0.1,nn_cluster_grid_n3,Lym,5790,25.0,0.004317789291882556
4,0.1,nn_cluster_grid_n4,Eos,5790,1034.0,0.1785837651122625
4,0.1,nn_dist_grid_n5,Eos,5790,1033.0,0.17841105354058723
1,0.1,iou_global,Lym,27338,208.0,0.0076084570926914915
1,0.15,nn_dist_global,Eos,30595,15109.0,0.4938388625592417
1,0.15,nn_dist_grid_n4,Lym,30595,262.0,0.008563490766465108
1,0.15,nn_cluster_grid_n4,Lym,30595,260.0,0.008498120607942474
1,0.15,nn_cluster_grid_n5,Lym,30595,261.0,0.008530805687203791
4,0.15,nn_cluster_grid_n4,Lym,6422,35.0,0.0054500155714730615
4,0.15,nn_center_grid_n5,Lym,6422,35.0,0.0054500155714730615
4,0.15,nn_cluster_grid_n5,Lym,6422,35.0,0.0054500155714730615
5,0.15,nn_dist_grid_n4,Lym,4397,17.0,0.003866272458494428
5,0.15,iou_grid_n4,Eos,4397,778.0,0.17693882192403912
5,0.15,nn_center_grid_n1,Eos,4397,633.0,0.1439617921309984
2,0.15,nn_dist_grid_n1,Lym,20530,16.0,0.0007793472966390648
2,0.15,iou_grid_n4,Lym,20530,25.0,0.0012177301509985387
3,0.15,iou_edgecrop_grid_n1,Eos,10543,3154.0,0.2991558379967751
3,0.15,iou_edgecrop_global,Eos,10543,3257.0,0.3089253533149957
1,0.15,iou_edgecrop_global,Lym,30595,390.0,0.012747180911913712
1,0.2,iou_grid_n4,Lym,34606,415.0,0.011992140091313644
1,0.2,iou_grid_n5,Eos,34606,19397.0,0.5605097381956886
2,0.2,nn_cluster_global,Lym,23137,40.0,0.001728832605782945
4,0.2,iou_grid_n4,Lym,7201,38.0,0.005277044854881266
4,0.2,nn_center_grid_n4,Lym,7201,36.0,0.004999305651992779
3,0.2,nn_cluster_grid_n1,Lym,11848,75.0,0.0063301823092505064
3,0.2,nn_dist_grid_n4,Eos,11848,3219.0,0.27169142471303176
3,0.2,iou_grid_n3,Lym,11848,90.0,0.007596218771100608
1,0.25,nn_dist_grid_n5,Eos,39308,21478.0,0.5464027678844001
1,0.25,iou_grid_n5,Eos,39308,23083.0,0.5872341508089957
1,0.25,nn_center_grid_n2,Eos,39308,21455.0,0.5458176452630508
1,0.25,iou_grid_n1,Lym,39308,152.0,0.00386689732370001
3,0.25,iou_edgecrop_grid_n3,Lym,13405,107.0,0.007982096232748974
3,0.25,iou_edgecrop_grid_n4,Lym,13405,107.0,0.007982096232748974
4,0.25,nn_dist_grid_n3,Eos,8176,1805.0,0.22076810176125244
4,0.25,nn_center_grid_n4,Eos,8176,1807.0,0.22101272015655576
4,0.25,nn_dist_grid_n1,Lym,8176,36.0,0.004403131115459882
4,0.25,none,Lym,8176,36.0,0.004403131115459882
4,0.25,iou_grid_n2,Lym,8176,39.0,0.0047700587084148725
2,0.25,nn_dist_grid_n1,Eos,26287,9509.0,0.3617377410887511
2,0.25,nn_center_grid_n2,Lym,26287,72.0,0.00273899646212957
2,0.25,iou_edgecrop_global,Lym,26287,120.0,0.004564994103549283
2,0.25,iou_edgecrop_grid_n1,Lym,26287,65.0,0.002472705139422528
3,0.25,nn_dist_grid_n4,Eos,13405,3984.0,0.2972025363670272
3,0.25,nn_center_grid_n5,Lym,13405,87.0,0.0064901156284968295
5,0.25,nn_cluster_grid_n4,Eos,5542,991.0,0.17881631180079394
5,0.25,nn_center_global,Eos,5542,985.0,0.17773367015517863
5,0.25,none,Eos,5542,888.0,0.1602309635510646
1,0.5,iou_grid_n4,Eos,88352,65146.0,0.7373460702643969
1,0.5,iou_edgecrop_grid_n2,Lym,88352,6646.0,0.07522183991307498
3,0.5,iou_grid_n2,Eos,29624,14359.0,0.48470834458547124
5,0.5,iou_grid_n3,Eos,11800,3724.0,0.31559322033898307
5,0.5,iou_grid_n5,Lym,11800,86.0,0.007288135593220339
5,0.5,nn_dist_grid_n1,Eos,11800,2522.0,0.21372881355932202
5,0.5,nn_center_grid_n4,Eos,11800,3114.0,0.26389830508474577
5,0.5,nn_cluster_grid_n2,Eos,11800,3144.0,0.2664406779661017
1,0.5,iou_edgecrop_grid_n5,Eos,88352,65760.0,0.7442955450923578
2,0.5,nn_cluster_grid_n5,Lym,58736,896.0,0.015254698992100245
2,0.5,nn_cluster_grid_n2,Eos,58736,33639.0,0.5727152002179243
2,0.5,nn_center_grid_n1,Lym,58736,175.0,0.0029794333968945793
2,0.5,nn_cluster_grid_n3,Eos,58736,33658.0,0.5730386815581585
2,0.5,iou_grid_n3,Lym,58736,948.0,0.01614001634432035
2,0.5,iou_edgecrop_grid_n5,Lym,58736,1305.0,0.02221806047398529
5,0.025,iou_global,Eos,3440,491.0,0.1427325581395349
0,0.025,nn_cluster_grid_n3,Lym,76,0.0,0.0
0,0.025,nn_dist_grid_n5,Eos,76,0.0,0.0
0,0.025,none,Eos,76,0.0,0.0
0,0.025,iou_grid_n1,Eos,76,0.0,0.0
0,0.025,nn_center_grid_n5,Lym,76,0.0,0.0
0,0.025,iou_edgecrop_global,Lym,76,0.0,0.0
4,0.05,iou_grid_n4,Eos,5234,1044.0,0.19946503630110815
4,0.05,nn_cluster_grid_n5,Lym,5234,13.0,0.002483760030569354
5,0.075,nn_cluster_grid_n3,Eos,3810,533.0,0.13989501312335959
4,0.075,iou_edgecrop_grid_n4,Lym,5518,29.0,0.005255527364987314
4,0.075,iou_edgecrop_grid_n2,Eos,5518,1235.0,0.22381297571583908
3,0.15,nn_center_grid_n5,Lym,10543,59.0,0.005596130133738025
3,0.15,nn_dist_grid_n2,Eos,10543,2693.0,0.25543014322299157
3,0.15,nn_center_grid_n4,Lym,10543,59.0,0.005596130133738025
3,0.15,nn_cluster_grid_n4,Lym,10543,59.0,0.005596130133738025
2,0.15,iou_edgecrop_grid_n3,Lym,20530,31.0,0.001509985387238188
1,0.2,iou_edgecrop_global,Lym,34606,554.0,0.016008784603825925
1,0.25,iou_edgecrop_grid_n2,Lym,39308,787.0,0.020021369695736237
2,0.25,iou_global,Lym,26287,84.0,0.003195495872484498
4,0.5,nn_dist_global,Lym,17666,157.0,0.008887127816144005
4,0.5,nn_cluster_global,Eos,17666,5949.0,0.33674855654930375
4,0.5,nn_center_grid_n1,Eos,17666,4695.0,0.26576474583946563
3,0.05,iou_edgecrop_grid_n4,Lym,8497,48.0,0.005649052606802401
3,0.05,iou_edgecrop_grid_n5,Eos,8497,2480.0,0.29186771801812406
0,0.075,nn_center_grid_n5,Lym,76,0.0,0.0
0,0.075,nn_center_global,Lym,76,0.0,0.0
0,0.075,nn_center_grid_n1,Eos,76,0.0,0.0
4,0.1,iou_edgecrop_grid_n1,Lym,5790,28.0,0.004835924006908463
5,0.1,iou_edgecrop_grid_n1,Eos,3959,728.0,0.18388481939883808
5,0.2,iou_grid_n4,Lym,4928,21.0,0.004261363636363636
5,0.2,nn_dist_global,Lym,4928,19.0,0.0038555194805194805
5,0.2,nn_cluster_grid_n3,Lym,4928,19.0,0.0038555194805194805
5,0.2,iou_global,Lym,4928,21.0,0.004261363636363636
4,0.25,iou_edgecrop_global,Lym,8176,54.0,0.0066046966731898235
4,0.5,iou_edgecrop_global,Eos,17666,7341.0,0.4155439827918035
3,0.0,nn_center_global,Eos,7730,1687.0,0.21824062095730917
3,0.0,nn_cluster_global,Eos,7730,1686.0,0.21811125485122898
3,0.0,nn_center_grid_n4,Eos,7730,1687.0,0.21824062095730917
0,0.1,iou_grid_n3,Lym,76,0.0,0.0
0,0.1,nn_dist_grid_n1,Lym,76,0.0,0.0
0,0.1,nn_dist_grid_n2,Eos,76,0.0,0.0
5,0.1,nn_dist_grid_n5,Eos,3959,538.0,0.13589290224804243
5,0.1,nn_center_grid_n5,Lym,3959,12.0,0.0030310684516291994
5,0.1,none,Eos,3959,528.0,0.13336701187168476
5,0.1,iou_grid_n1,Eos,3959,611.0,0.1543319019954534
5,0.1,iou_grid_n3,Lym,3959,12.0,0.0030310684516291994
5,0.1,nn_center_global,Lym,3959,12.0,0.0030310684516291994
5,0.1,nn_cluster_global,Lym,3959,12.0,0.0030310684516291994
4,0.0,nn_center_grid_n2,Lym,4768,17.0,0.0035654362416107383
4,0.0,nn_cluster_grid_n4,Eos,4768,783.0,0.16421979865771813
4,0.0,iou_grid_n4,Eos,4768,886.0,0.1858221476510067
0,0.0,nn_dist_global,Eos,76,0.0,0.0
0,0.0,nn_cluster_grid_n1,Lym,76,0.0,0.0
3,0.0,iou_edgecrop_grid_n4,Lym,7730,48.0,0.006209573091849935
2,0.025,iou_global,Lym,15638,9.0,0.0005755211663895639
0,0.05,none,Eos,76,0.0,0.0
0,0.05,iou_grid_n4,Eos,76,0.0,0.0
0,0.05,nn_dist_grid_n3,Eos,76,0.0,0.0
0,0.05,nn_center_grid_n5,Lym,76,0.0,0.0
0,0.05,iou_edgecrop_grid_n5,Eos,76,0.0,0.0
0,0.15,nn_cluster_grid_n4,Eos,76,0.0,0.0
0,0.15,iou_grid_n2,Lym,76,0.0,0.0
0,0.15,nn_cluster_global,Lym,76,0.0,0.0
0,0.5,nn_dist_grid_n5,Lym,76,0.0,0.0
0,0.5,nn_dist_grid_n3,Eos,76,0.0,0.0
0,0.5,nn_cluster_grid_n3,Eos,76,0.0,0.0
3,0.0,iou_edgecrop_grid_n1,Lym,7730,48.0,0.006209573091849935
5,0.025,iou_edgecrop_grid_n4,Lym,3440,12.0,0.0034883720930232558
0,0.0,iou_edgecrop_grid_n2,Lym,76,0.0,0.0
0,0.2,nn_center_grid_n1,Eos,76,0.0,0.0
0,0.2,nn_center_grid_n4,Lym,76,0.0,0.0
0,0.2,iou_grid_n4,Eos,76,0.0,0.0
0,0.2,iou_edgecrop_grid_n5,Eos,76,0.0,0.0
0,0.25,iou_edgecrop_grid_n3,Lym,76,0.0,0.0
0,0.25,iou_edgecrop_grid_n5,Eos,76,0.0,0.0
1,0.0,iou_grid_n1,Lym,22095,99.0,0.004480651731160896
2,0.0,nn_center_global,Lym,14887,4.0,0.00026869080405723115
2,0.0,nn_cluster_grid_n3,Lym,14887,4.0,0.00026869080405723115
2,0.0,nn_dist_grid_n4,Eos,14887,4757.0,0.31954053872506216
5,0.0,nn_dist_grid_n3,Eos,3263,399.0,0.12228011032791909
5,0.0,iou_grid_n5,Lym,3263,6.0,0.0018387986515476554
5,0.0,nn_cluster_global,Eos,3263,399.0,0.12228011032791909
5,0.0,nn_cluster_grid_n5,Eos,3263,399.0,0.12228011032791909
1,0.025,nn_dist_grid_n1,Lym,23298,85.0,0.003648381835350674
1,0.025,nn_cluster_grid_n1,Lym,23298,85.0,0.003648381835350674
1,0.025,nn_dist_grid_n2,Lym,23298,98.0,0.00420636964546313
1,0.025,nn_cluster_grid_n2,Lym,23298,98.0,0.00420636964546313
1,0.025,nn_cluster_global,Eos,23298,10374.0,0.4452742724697399
1,0.025,none,Eos,23298,10251.0,0.43999484934329125
1,0.025,nn_cluster_grid_n4,Lym,23298,98.0,0.00420636964546313
4,0.025,nn_cluster_grid_n3,Lym,4972,19.0,0.003821399839098954
4,0.025,nn_center_grid_n2,Eos,4972,796.0,0.16009654062751408
5,0.025,nn_cluster_grid_n2,Lym,3440,5.0,0.0014534883720930232
5,0.025,iou_grid_n1,Lym,3440,5.0,0.0014534883720930232
2,0.025,iou_edgecrop_grid_n1,Eos,15638,6210.0,0.3971096048087991
1,0.025,iou_edgecrop_grid_n5,Eos,23298,11899.0,0.510730534809855
3,0.025,nn_dist_grid_n4,Eos,8095,1756.0,0.2169240271772699
3,0.025,nn_dist_grid_n5,Lym,8095,36.0,0.0044471896232242125
3,0.025,iou_grid_n1,Lym,8095,36.0,0.0044471896232242125
3,0.025,nn_center_grid_n4,Eos,8095,1757.0,0.2170475602223595
1,0.05,nn_dist_grid_n4,Lym,24520,128.0,0.0052202283849918435
1,0.05,nn_center_grid_n3,Eos,24520,11083.0,0.4519983686786297
1,0.05,nn_cluster_grid_n5,Lym,24520,131.0,0.00534257748776509
1,0.05,nn_dist_global,Lym,24520,128.0,0.0052202283849918435
1,0.05,nn_cluster_global,Lym,24520,131.0,0.00534257748776509
1,0.05,nn_cluster_grid_n1,Eos,24520,10794.0,0.4402120717781403
1,0.05,nn_dist_grid_n2,Eos,24520,11090.0,0.45228384991843396
2,0.05,nn_center_grid_n1,Eos,16505,5411.0,0.32784004847016057
2,0.05,nn_center_grid_n3,Eos,16505,5523.0,0.3346258709481975
2,0.05,nn_cluster_grid_n4,Lym,16505,14.0,0.0008482278097546198
2,0.05,none,Eos,16505,5411.0,0.32784004847016057
2,0.05,nn_dist_grid_n3,Eos,16505,5523.0,0.3346258709481975
3,0.05,nn_cluster_grid_n5,Lym,8497,41.0,0.0048252324349770505
3,0.05,nn_cluster_grid_n3,Eos,8497,1936.0,0.22784512180769684
3,0.05,none,Lym,8497,41.0,0.0048252324349770505
3,0.05,iou_grid_n1,Lym,8497,41.0,0.0048252324349770505
3,0.05,nn_dist_grid_n1,Eos,8497,1898.0,0.22337295516064493
3,0.05,nn_center_grid_n1,Eos,8497,1898.0,0.22337295516064493
3,0.05,iou_grid_n3,Eos,8497,2197.0,0.2585618453571849
2,0.05,iou_edgecrop_grid_n5,Lym,16505,24.0,0.0014541048167222054
2,0.05,iou_edgecrop_grid_n1,Lym,16505,24.0,0.0014541048167222054
5,0.05,nn_cluster_grid_n3,Lym,3637,7.0,0.00192466318394281
5,0.05,iou_grid_n5,Eos,3637,548.0,0.15067363211437998
2,0.075,nn_dist_grid_n5,Eos,17382,5930.0,0.34115751927281096
2,0.075,iou_grid_n2,Lym,17382,16.0,0.0009204924634679554
2,0.075,iou_grid_n3,Lym,17382,16.0,0.0009204924634679554
2,0.075,nn_dist_grid_n2,Eos,17382,5935.0,0.34144517316764467
4,0.075,nn_center_grid_n1,Eos,5518,955.0,0.1730699528814788
4,0.075,nn_center_grid_n2,Lym,5518,25.0,0.004530627038782167
4,0.075,iou_grid_n3,Eos,5518,1122.0,0.20333454150054367
4,0.075,iou_grid_n1,Lym,5518,27.0,0.004893077201884741
4,0.075,iou_grid_n4,Lym,5518,27.0,0.004893077201884741
4,0.075,nn_center_grid_n5,Lym,5518,25.0,0.004530627038782167
3,0.075,iou_grid_n5,Lym,8978,47.0,0.005235018935174872
3,0.075,nn_dist_global,Eos,8978,2138.0,0.23813766985965695
1,0.075,nn_center_grid_n2,Lym,25901,123.0,0.0047488513956990075
1,0.075,nn_dist_grid_n3,Lym,25901,127.0,0.004903285587429057
1,0.075,nn_dist_grid_n4,Eos,25901,11960.0,0.4617582332728466
3,0.075,iou_edgecrop_global,Eos,8978,2599.0,0.28948540877701046
3,0.075,iou_edgecrop_grid_n3,Eos,8978,2602.0,0.2898195589218089
1,0.075,iou_global,Eos,25901,12915.0,0.49862939654839583
1,0.1,nn_center_grid_n1,Eos,27338,12038.0,0.4403394542395201
1,0.1,nn_cluster_grid_n3,Eos,27338,12933.0,0.4730777672104763
1,0.1,nn_center_grid_n4,Eos,27338,12922.0,0.47267539688345894
1,0.1,nn_dist_grid_n5,Lym,27338,187.0,0.006840295559294754
2,0.1,nn_cluster_grid_n1,Lym,18295,12.0,0.0006559169171904892
2,0.1,iou_grid_n1,Lym,18295,13.0,0.0007105766602896966
2,0.1,iou_grid_n4,Eos,18295,7073.0,0.3866083629406942
2,0.1,nn_cluster_global,Eos,18295,6383.0,0.34889314020224105
3,0.1,iou_grid_n5,Eos,9437,2542.0,0.2693652643848681
1,0.1,iou_edgecrop_grid_n4,Lym,27338,269.0,0.009839783451605823
4,0.1,iou_grid_n3,Lym,5790,25.0,0.004317789291882556
4,0.1,iou_grid_n5,Eos,5790,1194.0,0.20621761658031088
4,0.1,nn_center_global,Eos,5790,1034.0,0.1785837651122625
4,0.1,nn_cluster_global,Eos,5790,1034.0,0.1785837651122625
4,0.1,nn_center_grid_n1,Lym,5790,24.0,0.004145077720207254
1,0.15,nn_center_global,Lym,30595,265.0,0.00866154600424906
4,0.15,nn_center_grid_n4,Lym,6422,35.0,0.0054500155714730615
4,0.15,nn_dist_grid_n2,Lym,6422,35.0,0.0054500155714730615
4,0.15,nn_center_grid_n2,Lym,6422,35.0,0.0054500155714730615
4,0.15,nn_dist_grid_n1,Eos,6422,1162.0,0.18094051697290564
5,0.15,nn_cluster_grid_n3,Eos,4397,670.0,0.1523766204230157
5,0.15,nn_center_grid_n4,Lym,4397,17.0,0.003866272458494428
5,0.15,iou_grid_n3,Eos,4397,783.0,0.17807596088241984
3,0.15,iou_edgecrop_grid_n5,Eos,10543,3262.0,0.3093996016314142
1,0.15,iou_edgecrop_grid_n3,Eos,30595,16514.0,0.5397613989213924
4,0.15,iou_edgecrop_grid_n1,Lym,6422,37.0,0.005761445032700093
1,0.2,nn_cluster_grid_n2,Eos,34606,17918.0,0.5177714847136334
1,0.2,nn_dist_grid_n2,Eos,34606,17974.0,0.5193897012078831
2,0.2,nn_dist_grid_n2,Eos,23137,9039.0,0.39067294809180103
2,0.2,nn_dist_grid_n3,Eos,23137,9040.0,0.3907161689069456
2,0.2,nn_center_grid_n4,Lym,23137,38.0,0.0016423909754937978
2,0.2,iou_edgecrop_grid_n3,Lym,23137,57.0,0.002463586463240697
2,0.2,iou_edgecrop_global,Lym,23137,60.0,0.0025932489086744176
3,0.2,iou_edgecrop_grid_n2,Lym,11848,95.0,0.008018230925050641
3,0.2,iou_edgecrop_grid_n4,Eos,11848,3918.0,0.33068872383524645
4,0.2,nn_dist_grid_n3,Eos,7201,1453.0,0.20177753089848632
4,0.2,nn_cluster_grid_n3,Lym,7201,36.0,0.004999305651992779
4,0.2,nn_center_grid_n5,Eos,7201,1455.0,0.2020552701013748
4,0.2,nn_dist_grid_n1,Lym,7201,34.0,0.004721566449104291
4,0.2,nn_dist_grid_n5,Eos,7201,1456.0,0.20219413970281905
4,0.2,iou_grid_n2,Lym,7201,38.0,0.005277044854881266
3,0.2,nn_center_global,Eos,11848,3213.0,0.2711850101282917
3,0.2,nn_dist_grid_n5,Eos,11848,3217.0,0.2715226198514517
3,0.2,none,Lym,11848,75.0,0.0063301823092505064
4,0.2,iou_edgecrop_global,Lym,7201,42.0,0.005832523260658242
4,0.2,iou_edgecrop_grid_n1,Lym,7201,40.0,0.005554784057769754
1,0.25,nn_center_grid_n1,Eos,39308,17281.0,0.4396306095451308
1,0.25,nn_center_grid_n5,Lym,39308,523.0,0.013305179607204641
1,0.25,nn_center_grid_n3,Lym,39308,539.0,0.01371222143075201
3,0.25,iou_edgecrop_grid_n1,Eos,13405,4383.0,0.3269675494218575
4,0.25,nn_dist_grid_n5,Eos,8176,1809.0,0.2212573385518591
2,0.25,nn_dist_grid_n4,Lym,26287,72.0,0.00273899646212957
3,0.25,nn_cluster_grid_n2,Lym,13405,86.0,0.006415516598284222
3,0.25,nn_dist_grid_n1,Lym,13405,77.0,0.005744125326370757
3,0.25,nn_center_global,Lym,13405,87.0,0.0064901156284968295
3,0.25,iou_grid_n4,Eos,13405,4509.0,0.33636702722864603
5,0.25,nn_cluster_grid_n5,Eos,5542,992.0,0.17899675207506316
5,0.25,iou_grid_n2,Lym,5542,18.0,0.003247924936845904
5,0.25,nn_dist_grid_n3,Lym,5542,17.0,0.003067484662576687
1,0.5,iou_grid_n5,Eos,88352,65010.0,0.7358067729083665
1,0.5,iou_global,Lym,88352,5377.0,0.06085883737776168
3,0.5,nn_center_grid_n1,Eos,29624,10003.0,0.33766540642722115
3,0.5,nn_center_grid_n2,Eos,29624,12901.0,0.43549149338374293
3,0.5,nn_cluster_grid_n2,Lym,29624,391.0,0.013198757763975156
5,0.5,nn_center_grid_n5,Eos,11800,3126.0,0.2649152542372881
5,0.5,nn_center_grid_n3,Eos,11800,3126.0,0.2649152542372881
5,0.5,nn_dist_grid_n4,Eos,11800,3112.0,0.26372881355932204
5,0.5,nn_dist_grid_n3,Lym,11800,79.0,0.006694915254237288
5,0.5,nn_cluster_grid_n5,Lym,11800,79.0,0.006694915254237288
5,0.5,nn_center_grid_n1,Lym,11800,60.0,0.005084745762711864
2,0.5,nn_center_global,Eos,58736,33591.0,0.5718979842004903
2,0.5,nn_center_grid_n3,Eos,58736,33623.0,0.5724427948787796
2,0.5,nn_dist_grid_n5,Lym,58736,867.0,0.014760964314900572
2,0.5,iou_edgecrop_grid_n1,Eos,58736,29109.0,0.49559043857259605
4,0.5,iou_edgecrop_grid_n3,Lym,17666,214.0,0.012113664666591192
3,0.5,iou_edgecrop_grid_n4,Eos,29624,15087.0,0.5092830137726168
3,0.5,iou_edgecrop_grid_n5,Eos,29624,15079.0,0.509012962462868
5,0.5,iou_edgecrop_grid_n5,Eos,11800,4090.0,0.3466101694915254
5,0.5,iou_edgecrop_grid_n4,Eos,11800,4098.0,0.34728813559322036
3,0.025,iou_edgecrop_grid_n2,Lym,8095,55.0,0.0067943174799258805
0,0.025,nn_cluster_grid_n1,Eos,76,0.0,0.0
0,0.025,nn_dist_grid_n2,Lym,76,0.0,0.0
0,0.025,nn_center_grid_n3,Eos,76,0.0,0.0
0,0.025,nn_center_grid_n4,Eos,76,0.0,0.0
0,0.025,iou_grid_n2,Lym,76,0.0,0.0
0,0.025,iou_grid_n4,Lym,76,0.0,0.0
4,0.05,nn_center_grid_n2,Lym,5234,13.0,0.002483760030569354
4,0.05,nn_cluster_grid_n2,Eos,5234,895.0,0.17099732518150554
4,0.05,nn_dist_grid_n3,Eos,5234,895.0,0.17099732518150554
4,0.05,nn_dist_grid_n5,Eos,5234,895.0,0.17099732518150554
4,0.05,nn_center_grid_n5,Lym,5234,13.0,0.002483760030569354
5,0.075,nn_center_global,Eos,3810,533.0,0.13989501312335959
5,0.075,none,Eos,3810,518.0,0.13595800524934384
2,0.1,iou_edgecrop_global,Lym,18295,24.0,0.0013118338343809785
3,0.15,iou_grid_n3,Eos,10543,3066.0,0.29080906762780995
3,0.15,iou_grid_n4,Eos,10543,3063.0,0.29052451863795886
3,0.15,nn_dist_global,Lym,10543,59.0,0.005596130133738025
3,0.15,nn_center_global,Eos,10543,2685.0,0.25467134591672197
2,0.15,iou_edgecrop_global,Lym,20530,30.0,0.0014612761811982464
1,0.2,iou_edgecrop_grid_n5,Lym,34606,554.0,0.016008784603825925
1,0.2,iou_edgecrop_grid_n4,Lym,34606,561.0,0.01621106166560712
4,0.5,nn_cluster_grid_n5,Lym,17666,167.0,0.009453186912713686
4,0.5,nn_center_grid_n5,Lym,17666,161.0,0.009113551454771877
4,0.5,none,Eos,17666,4695.0,0.26576474583946563
4,0.5,iou_grid_n1,Lym,17666,126.0,0.007132344616777991
4,0.5,iou_grid_n3,Lym,17666,170.0,0.009623004641684592
4,0.5,iou_grid_n4,Lym,17666,171.0,0.009679610551341561
4,0.5,iou_grid_n5,Eos,17666,6823.0,0.3862221215894939
4,0.0,iou_edgecrop_grid_n4,Lym,4768,23.0,0.004823825503355705
3,0.05,iou_edgecrop_grid_n3,Eos,8497,2482.0,0.29210309521007416
4,0.05,iou_edgecrop_global,Lym,5234,24.0,0.0045854031333588076
5,0.075,iou_edgecrop_grid_n5,Lym,3810,10.0,0.0026246719160104987
0,0.075,nn_center_grid_n3,Eos,76,0.0,0.0
0,0.075,nn_center_grid_n4,Lym,76,0.0,0.0
0,0.075,nn_center_grid_n2,Lym,76,0.0,0.0
0,0.075,iou_global,Lym,76,0.0,0.0
4,0.1,iou_edgecrop_grid_n3,Lym,5790,28.0,0.004835924006908463
5,0.1,iou_edgecrop_global,Lym,3959,13.0,0.003283657489264966
2,0.15,iou_global,Lym,20530,26.0,0.0012664393570384802
5,0.2,iou_grid_n1,Lym,4928,17.0,0.0034496753246753245
5,0.2,nn_cluster_grid_n1,Eos,4928,742.0,0.15056818181818182
5,0.2,nn_center_grid_n3,Eos,4928,788.0,0.1599025974025974
3,0.0,iou_grid_n4,Eos,7730,1891.0,0.2446313065976714
3,0.0,nn_cluster_grid_n4,Lym,7730,38.0,0.004915912031047865
3,0.0,iou_grid_n1,Eos,7730,1891.0,0.2446313065976714
3,0.0,iou_grid_n2,Eos,7730,1891.0,0.2446313065976714
0,0.1,nn_dist_grid_n3,Eos,76,0.0,0.0
0,0.1,nn_cluster_grid_n4,Lym,76,0.0,0.0
0,0.1,nn_cluster_grid_n5,Eos,76,0.0,0.0
0,0.1,iou_edgecrop_grid_n5,Lym,76,0.0,0.0
0,0.1,iou_global,Lym,76,0.0,0.0
0,0.0,iou_grid_n1,Lym,76,0.0,0.0
0,0.0,iou_grid_n4,Eos,76,0.0,0.0
0,0.0,nn_center_grid_n4,Eos,76,0.0,0.0
0,0.0,nn_dist_grid_n5,Eos,76,0.0,0.0
3,0.0,iou_edgecrop_grid_n2,Lym,7730,48.0,0.006209573091849935
0,0.05,nn_dist_global,Eos,76,0.0,0.0
0,0.05,nn_center_grid_n1,Lym,76,0.0,0.0
0,0.05,nn_cluster_grid_n4,Lym,76,0.0,0.0
5,0.15,iou_edgecrop_grid_n3,Eos,4397,875.0,0.19899931771662496
0,0.15,nn_cluster_grid_n5,Eos,76,0.0,0.0
0,0.15,nn_center_grid_n2,Lym,76,0.0,0.0
0,0.15,nn_cluster_grid_n2,Eos,76,0.0,0.0
0,0.15,iou_edgecrop_grid_n2,Eos,76,0.0,0.0
0,0.15,iou_edgecrop_grid_n4,Eos,76,0.0,0.0
5,0.25,iou_edgecrop_grid_n3,Lym,5542,25.0,0.004511006856730422
0,0.5,iou_grid_n4,Lym,76,0.0,0.0
0,0.5,nn_center_grid_n1,Lym,76,0.0,0.0
0,0.5,iou_edgecrop_grid_n3,Eos,76,0.0,0.0
5,0.025,iou_edgecrop_grid_n1,Lym,3440,12.0,0.0034883720930232558
0,0.0,iou_global,Eos,76,0.0,0.0
0,0.2,iou_grid_n2,Lym,76,0.0,0.0
0,0.25,nn_dist_global,Lym,76,0.0,0.0
0,0.25,nn_center_grid_n3,Eos,76,0.0,0.0
0,0.25,nn_cluster_grid_n5,Lym,76,0.0,0.0
0,0.25,iou_edgecrop_grid_n4,Lym,76,0.0,0.0
